Workbook
Name SeasonalWins: 'Placement Record'!$D$2:$D$1000
Name PlayerSeasonalRecordCollection: 'Placement Record'!$2:$1000
Name Teams: 'Placement Record'!$A$2:$A$1000
Name TeamARecordSet: 'Game Record'!$A$2:$B$1000
Name SeasonalLosses: 'Placement Record'!$E$2:$E$1000
Name Placements: 'Placement Record'!$B$2:$B$1000
Name Season: 'Game Record'!$E$2:$E$1000
Name TotalLosses: 'Placement Record'!$H$2:$H$1000
Name TeamB: 'Game Record'!$C$2:$C$1000
Name Winner: 'Game Record'!$G$2:$G$1000
Name TotalWins: 'Placement Record'!$G$2:$G$1000
Name TeamBPts: 'Game Record'!$D$2:$D$1000
Name SeasonalPts.: 'Placement Record'!$F$2:$F$1000
Name Matchup: 'Game Record'!$G$2:$H$1000
Name TeamA: 'Game Record'!$A$2:$A$1000
Name Week: 'Game Record'!$F$2:$F$1000
Name TotalPts.: 'Placement Record'!$I$2:$I$1000
Name SeasonalRecords: 'Placement Record'!$2:$1000
Name Seasons: 'Placement Record'!$C$2:$C$1000
Name TeamBRecordSet: 'Game Record'!$C$2:$D$1000
Name TeamAPts: 'Game Record'!$B$2:$B$1000
Name Match: 'Game Record'!$2:$1000
Name Loser: 'Game Record'!$H$2:$H$1000

Sheet Game Record
A1: Team A | B1: Team A Pts. | C1: Team B | D1: Team B Pts. | E1: Season | F1: Week | G1: Winner | H1: Loser
A2: Luke | B2: 141.2 | C2: Kadin | D2: 153.5 | E2: 2019 | F2: 1 | G2: =IF(B2 > D2, A2, C2) -> Kadin | H2: =IF(B2 < D2, A2, C2) -> Luke
A3: Jacob | B3: 157.5 | C3: Mitch | D3: 119.65 | E3: 2019 | F3: 1 | G3: =IF(B3 > D3, A3, C3) -> Jacob | H3: =IF(B3 < D3, A3, C3) -> Mitch
A4: Ruben | B4: 114.2 | C4: Raghav | D4: 152.75 | E4: 2019 | F4: 1 | G4: =IF(B4 > D4, A4, C4) -> Raghav | H4: =IF(B4 < D4, A4, C4) -> Ruben
A5: Griffin | B5: 121.1 | C5: Connor | D5: 146 | E5: 2019 | F5: 1 | G5: =IF(B5 > D5, A5, C5) -> Connor | H5: =IF(B5 < D5, A5, C5) -> Griffin
A6: Kyle | B6: 115.65 | C6: Michael | D6: 138.5 | E6: 2019 | F6: 1 | G6: =IF(B6 > D6, A6, C6) -> Michael | H6: =IF(B6 < D6, A6, C6) -> Kyle
A7: Kadin | B7: 81.2 | C7: Connor | D7: 141.65 | E7: 2019 | F7: 2 | G7: =IF(B7 > D7, A7, C7) -> Connor | H7: =IF(B7 < D7, A7, C7) -> Kadin
A8: Griffin | B8: 121.8 | C8: Ruben | D8: 129.45 | E8: 2019 | F8: 2 | G8: =IF(B8 > D8, A8, C8) -> Ruben | H8: =IF(B8 < D8, A8, C8) -> Griffin
A9: Mitch | B9: 89.2 | C9: Kyle | D9: 143.35 | E9: 2019 | F9: 2 | G9: =IF(B9 > D9, A9, C9) -> Kyle | H9: =IF(B9 < D9, A9, C9) -> Mitch
A10: Jacob | B10: 134.5 | C10: Luke | D10: 133.55 | E10: 2019 | F10: 2 | G10: =IF(B10 > D10, A10, C10) -> Jacob | H10: =IF(B10 < D10, A10, C10) -> Luke
A11: Raghav | B11: 107.25 | C11: Michael | D11: 113 | E11: 2019 | F11: 2 | G11: =IF(B11 > D11, A11, C11) -> Michael | H11: =IF(B11 < D11, A11, C11) -> Raghav
A12: Kadin | B12: 130.7 | C12: Griffin | D12: 138.7 | E12: 2019 | F12: 3 | G12: =IF(B12 > D12, A12, C12) -> Griffin | H12: =IF(B12 < D12, A12, C12) -> Kadin
A13: Luke | B13: 184 | C13: Kyle | D13: 107.45 | E13: 2019 | F13: 3 | G13: =IF(B13 > D13, A13, C13) -> Luke | H13: =IF(B13 < D13, A13, C13) -> Kyle
... A234: Jacob | B234: 92.6 | C234: Mitch | D234: 197.85 | E234: 2021 | F234: 17 | G234: =IF(B234 > D234, A234, C234) -> Mitch | H234: =IF(B234 < D234, A234, C234) -> Jacob
G235: =IF(B235 > D235, A235, C235) | H235: =IF(B235 < D235, A235, C235)
G236: =IF(B236 > D236, A236, C236) | H236: =IF(B236 < D236, A236, C236)
G237: =IF(B237 > D237, A237, C237) | H237: =IF(B237 < D237, A237, C237)
G238: =IF(B238 > D238, A238, C238) | H238: =IF(B238 < D238, A238, C238)
G239: =IF(B239 > D239, A239, C239) | H239: =IF(B239 < D239, A239, C239)
G240: =IF(B240 > D240, A240, C240) | H240: =IF(B240 < D240, A240, C240)
G241: =IF(B241 > D241, A241, C241) | H241: =IF(B241 < D241, A241, C241)
G242: =IF(B242 > D242, A242, C242) | H242: =IF(B242 < D242, A242, C242)
G243: =IF(B243 > D243, A243, C243) | H243: =IF(B243 < D243, A243, C243)
G244: =IF(B244 > D244, A244, C244) | H244: =IF(B244 < D244, A244, C244)
G245: =IF(B245 > D245, A245, C245) | H245: =IF(B245 < D245, A245, C245)
G246: =IF(B246 > D246, A246, C246) | H246: =IF(B246 < D246, A246, C246)
... G1000: =IF(B1000 > D1000, A1000, C1000) | H1000: =IF(B1000 < D1000, A1000, C1000)

Sheet Placement Record
A1: Team | B1: Placement | C1: Season | D1: Season Wins | E1: Season Losses | F1: Seasonal Pts. | G1: Total Wins | H1: Total Losses | I1: Total Pts. | J1: Seasonal Average Pts. | K1: Total Average Pts.
A2: Griffin | B2: 1 | C2: 2019 | D2: =IF(A2 = "", "", COUNTIFS('Game Record'!G:G, A2, 'Game Record'!E:E, C2)) -> 8 | E2: =IF(A2 = "", "", COUNTIFS('Game Record'!H:H, A2, 'Game Record'!E:E, C2)) -> 8 | F2: =SUMIFS(INDIRECT("Game Record!B2:B1000"), INDIRECT("Game Record!A2:A1000"), A2, INDIRECT("Game Record!E2:E1000"), C2) + SUMIFS(INDIRECT("Game Record!D2:D1000"), INDIRECT("Game Record!C2:C1000"), A2, INDIRECT("Game Record!E2:E1000"), C2) -> 2090.8 | G2: =IF(A2 = "", "", COUNTIF('Game Record'!G:G, A2)) -> 28 | H2: =IF(A2 = "", "", COUNTIF('Game Record'!H:H, A2)) -> 20 | I2: =IFERROR(__xludf.DUMMYFUNCTION("SUM(FILTER(TeamARecordSet, INDEX(TeamARecordSet, 0, 1) = A2)) + SUM(FILTER(TeamBRecordSet, INDEX(TeamBRecordSet, 0, 1) = A2))"),6498.450000000001) -> 6498.45 | J2: =IFERROR( (SUMIFS(INDIRECT("Game Record!B2:B1000"), INDIRECT("Game Record!A2:A1000"), $A2, INDIRECT("Game Record!E2:E1000"), $C2) + SUMIFS(INDIRECT("Game Record!D2:D1000"), INDIRECT("Game Record!C2:C1000"), $A2, INDIRECT("Game Record!E2:E1000"), $C2)) / (COUNTIFS(INDIRECT("Game Record!A2:A1000"), $A2, INDIRECT("Game Record!E2:E1000"), $C2) + COUNTIFS(INDIRECT("Game Record!C2:C1000"), $A2, INDIRECT("Game Record!E2:E1000"), $C2)), 0) -> 130.675 | K2: =IFERROR(I2/(G2+H2)) -> 135.38438
A3: Jacob | B3: 2 | C3: 2019 | D3: =IF(A3 = "", "", COUNTIFS('Game Record'!G:G, A3, 'Game Record'!E:E, C3)) -> 11 | E3: =IF(A3 = "", "", COUNTIFS('Game Record'!H:H, A3, 'Game Record'!E:E, C3)) -> 4 | F3: =SUMIFS(INDIRECT("Game Record!B2:B1000"), INDIRECT("Game Record!A2:A1000"), A3, INDIRECT("Game Record!E2:E1000"), C3) + SUMIFS(INDIRECT("Game Record!D2:D1000"), INDIRECT("Game Record!C2:C1000"), A3, INDIRECT("Game Record!E2:E1000"), C3) -> 1989.45 | G3: =IF(A3 = "", "", COUNTIF('Game Record'!G:G, A3)) -> 31 | H3: =IF(A3 = "", "", COUNTIF('Game Record'!H:H, A3)) -> 15 | I3: =IFERROR(__xludf.DUMMYFUNCTION("SUM(FILTER(TeamARecordSet, INDEX(TeamARecordSet, 0, 1) = A3)) + SUM(FILTER(TeamBRecordSet, INDEX(TeamBRecordSet, 0, 1) = A3))"),5915.15) -> 5915.15 | J3: =IFERROR( (SUMIFS(INDIRECT("Game Record!B2:B1000"), INDIRECT("Game Record!A2:A1000"), $A3, INDIRECT("Game Record!E2:E1000"), $C3) + SUMIFS(INDIRECT("Game Record!D2:D1000"), INDIRECT("Game Record!C2:C1000"), $A3, INDIRECT("Game Record!E2:E1000"), $C3)) / (COUNTIFS(INDIRECT("Game Record!A2:A1000"), $A3, INDIRECT("Game Record!E2:E1000"), $C3) + COUNTIFS(INDIRECT("Game Record!C2:C1000"), $A3, INDIRECT("Game Record!E2:E1000"), $C3)), 0) -> 132.63 | K3: =IFERROR(I3/(G3+H3)) -> 128.59022
A4: Kadin | B4: 3 | C4: 2019 | D4: =IF(A4 = "", "", COUNTIFS('Game Record'!G:G, A4, 'Game Record'!E:E, C4)) -> 8 | E4: =IF(A4 = "", "", COUNTIFS('Game Record'!H:H, A4, 'Game Record'!E:E, C4)) -> 8 | F4: =SUMIFS(INDIRECT("Game Record!B2:B1000"), INDIRECT("Game Record!A2:A1000"), A4, INDIRECT("Game Record!E2:E1000"), C4) + SUMIFS(INDIRECT("Game Record!D2:D1000"), INDIRECT("Game Record!C2:C1000"), A4, INDIRECT("Game Record!E2:E1000"), C4) -> 2274.35 | G4: =IF(A4 = "", "", COUNTIF('Game Record'!G:G, A4)) -> 27 | H4: =IF(A4 = "", "", COUNTIF('Game Record'!H:H, A4)) -> 21 | I4: =IFERROR(__xludf.DUMMYFUNCTION("SUM(FILTER(TeamARecordSet, INDEX(TeamARecordSet, 0, 1) = A4)) + SUM(FILTER(TeamBRecordSet, INDEX(TeamBRecordSet, 0, 1) = A4))"),6585.0999999999985) -> 6585.1 | J4: =IFERROR( (SUMIFS(INDIRECT("Game Record!B2:B1000"), INDIRECT("Game Record!A2:A1000"), $A4, INDIRECT("Game Record!E2:E1000"), $C4) + SUMIFS(INDIRECT("Game Record!D2:D1000"), INDIRECT("Game Record!C2:C1000"), $A4, INDIRECT("Game Record!E2:E1000"), $C4)) / (COUNTIFS(INDIRECT("Game Record!A2:A1000"), $A4, INDIRECT("Game Record!E2:E1000"), $C4) + COUNTIFS(INDIRECT("Game Record!C2:C1000"), $A4, INDIRECT("Game Record!E2:E1000"), $C4)), 0) -> 142.14687 | K4: =IFERROR(I4/(G4+H4)) -> 137.18958
A5: Mitch | B5: 4 | C5: 2019 | D5: =IF(A5 = "", "", COUNTIFS('Game Record'!G:G, A5, 'Game Record'!E:E, C5)) -> 8 | E5: =IF(A5 = "", "", COUNTIFS('Game Record'!H:H, A5, 'Game Record'!E:E, C5)) -> 7 | F5: =SUMIFS(INDIRECT("Game Record!B2:B1000"), INDIRECT("Game Record!A2:A1000"), A5, INDIRECT("Game Record!E2:E1000"), C5) + SUMIFS(INDIRECT("Game Record!D2:D1000"), INDIRECT("Game Record!C2:C1000"), A5, INDIRECT("Game Record!E2:E1000"), C5) -> 1808.5 | G5: =IF(A5 = "", "", COUNTIF('Game Record'!G:G, A5)) -> 22 | H5: =IF(A5 = "", "", COUNTIF('Game Record'!H:H, A5)) -> 24 | I5: =IFERROR(__xludf.DUMMYFUNCTION("SUM(FILTER(TeamARecordSet, INDEX(TeamARecordSet, 0, 1) = A5)) + SUM(FILTER(TeamBRecordSet, INDEX(TeamBRecordSet, 0, 1) = A5))"),5774.249999999999) -> 5774.25 | J5: =IFERROR( (SUMIFS(INDIRECT("Game Record!B2:B1000"), INDIRECT("Game Record!A2:A1000"), $A5, INDIRECT("Game Record!E2:E1000"), $C5) + SUMIFS(INDIRECT("Game Record!D2:D1000"), INDIRECT("Game Record!C2:C1000"), $A5, INDIRECT("Game Record!E2:E1000"), $C5)) / (COUNTIFS(INDIRECT("Game Record!A2:A1000"), $A5, INDIRECT("Game Record!E2:E1000"), $C5) + COUNTIFS(INDIRECT("Game Record!C2:C1000"), $A5, INDIRECT("Game Record!E2:E1000"), $C5)), 0) -> 120.56667 | K5: =IFERROR(I5/(G5+H5)) -> 125.52717
A6: Luke | B6: 5 | C6: 2019 | D6: =IF(A6 = "", "", COUNTIFS('Game Record'!G:G, A6, 'Game Record'!E:E, C6)) -> 11 | E6: =IF(A6 = "", "", COUNTIFS('Game Record'!H:H, A6, 'Game Record'!E:E, C6)) -> 4 | F6: =SUMIFS(INDIRECT("Game Record!B2:B1000"), INDIRECT("Game Record!A2:A1000"), A6, INDIRECT("Game Record!E2:E1000"), C6) + SUMIFS(INDIRECT("Game Record!D2:D1000"), INDIRECT("Game Record!C2:C1000"), A6, INDIRECT("Game Record!E2:E1000"), C6) -> 2149.05 | G6: =IF(A6 = "", "", COUNTIF('Game Record'!G:G, A6)) -> 24 | H6: =IF(A6 = "", "", COUNTIF('Game Record'!H:H, A6)) -> 22 | I6: =IFERROR(__xludf.DUMMYFUNCTION("SUM(FILTER(TeamARecordSet, INDEX(TeamARecordSet, 0, 1) = A6)) + SUM(FILTER(TeamBRecordSet, INDEX(TeamBRecordSet, 0, 1) = A6))"),6113.9) -> 6113.9 | J6: =IFERROR( (SUMIFS(INDIRECT("Game Record!B2:B1000"), INDIRECT("Game Record!A2:A1000"), $A6, INDIRECT("Game Record!E2:E1000"), $C6) + SUMIFS(INDIRECT("Game Record!D2:D1000"), INDIRECT("Game Record!C2:C1000"), $A6, INDIRECT("Game Record!E2:E1000"), $C6)) / (COUNTIFS(INDIRECT("Game Record!A2:A1000"), $A6, INDIRECT("Game Record!E2:E1000"), $C6) + COUNTIFS(INDIRECT("Game Record!C2:C1000"), $A6, INDIRECT("Game Record!E2:E1000"), $C6)), 0) -> 143.27 | K6: =IFERROR(I6/(G6+H6)) -> 132.91087
A7: Connor | B7: 6 | C7: 2019 | D7: =IF(A7 = "", "", COUNTIFS('Game Record'!G:G, A7, 'Game Record'!E:E, C7)) -> 9 | E7: =IF(A7 = "", "", COUNTIFS('Game Record'!H:H, A7, 'Game Record'!E:E, C7)) -> 6 | F7: =SUMIFS(INDIRECT("Game Record!B2:B1000"), INDIRECT("Game Record!A2:A1000"), A7, INDIRECT("Game Record!E2:E1000"), C7) + SUMIFS(INDIRECT("Game Record!D2:D1000"), INDIRECT("Game Record!C2:C1000"), A7, INDIRECT("Game Record!E2:E1000"), C7) -> 1932.5 | G7: =IF(A7 = "", "", COUNTIF('Game Record'!G:G, A7)) -> 22 | H7: =IF(A7 = "", "", COUNTIF('Game Record'!H:H, A7)) -> 25 | I7: =IFERROR(__xludf.DUMMYFUNCTION("SUM(FILTER(TeamARecordSet, INDEX(TeamARecordSet, 0, 1) = A7)) + SUM(FILTER(TeamBRecordSet, INDEX(TeamBRecordSet, 0, 1) = A7))"),5792.75) -> 5792.75 | J7: =IFERROR( (SUMIFS(INDIRECT("Game Record!B2:B1000"), INDIRECT("Game Record!A2:A1000"), $A7, INDIRECT("Game Record!E2:E1000"), $C7) + SUMIFS(INDIRECT("Game Record!D2:D1000"), INDIRECT("Game Record!C2:C1000"), $A7, INDIRECT("Game Record!E2:E1000"), $C7)) / (COUNTIFS(INDIRECT("Game Record!A2:A1000"), $A7, INDIRECT("Game Record!E2:E1000"), $C7) + COUNTIFS(INDIRECT("Game Record!C2:C1000"), $A7, INDIRECT("Game Record!E2:E1000"), $C7)), 0) -> 128.83333 | K7: =IFERROR(I7/(G7+H7)) -> 123.25
A8: Michael | B8: 7 | C8: 2019 | D8: =IF(A8 = "", "", COUNTIFS('Game Record'!G:G, A8, 'Game Record'!E:E, C8)) -> 6 | E8: =IF(A8 = "", "", COUNTIFS('Game Record'!H:H, A8, 'Game Record'!E:E, C8)) -> 9 | F8: =SUMIFS(INDIRECT("Game Record!B2:B1000"), INDIRECT("Game Record!A2:A1000"), A8, INDIRECT("Game Record!E2:E1000"), C8) + SUMIFS(INDIRECT("Game Record!D2:D1000"), INDIRECT("Game Record!C2:C1000"), A8, INDIRECT("Game Record!E2:E1000"), C8) -> 1729.15 | G8: =IF(A8 = "", "", COUNTIF('Game Record'!G:G, A8)) -> 6 | H8: =IF(A8 = "", "", COUNTIF('Game Record'!H:H, A8)) -> 9 | I8: =IFERROR(__xludf.DUMMYFUNCTION("SUM(FILTER(TeamARecordSet, INDEX(TeamARecordSet, 0, 1) = A8)) + SUM(FILTER(TeamBRecordSet, INDEX(TeamBRecordSet, 0, 1) = A8))"),1729.1499999999999) -> 1729.15 | J8: =IFERROR( (SUMIFS(INDIRECT("Game Record!B2:B1000"), INDIRECT("Game Record!A2:A1000"), $A8, INDIRECT("Game Record!E2:E1000"), $C8) + SUMIFS(INDIRECT("Game Record!D2:D1000"), INDIRECT("Game Record!C2:C1000"), $A8, INDIRECT("Game Record!E2:E1000"), $C8)) / (COUNTIFS(INDIRECT("Game Record!A2:A1000"), $A8, INDIRECT("Game Record!E2:E1000"), $C8) + COUNTIFS(INDIRECT("Game Record!C2:C1000"), $A8, INDIRECT("Game Record!E2:E1000"), $C8)), 0) -> 115.27667 | K8: =IFERROR(I8/(G8+H8)) -> 115.27667
A9: Raghav | B9: 8 | C9: 2019 | D9: =IF(A9 = "", "", COUNTIFS('Game Record'!G:G, A9, 'Game Record'!E:E, C9)) -> 6 | E9: =IF(A9 = "", "", COUNTIFS('Game Record'!H:H, A9, 'Game Record'!E:E, C9)) -> 9 | F9: =SUMIFS(INDIRECT("Game Record!B2:B1000"), INDIRECT("Game Record!A2:A1000"), A9, INDIRECT("Game Record!E2:E1000"), C9) + SUMIFS(INDIRECT("Game Record!D2:D1000"), INDIRECT("Game Record!C2:C1000"), A9, INDIRECT("Game Record!E2:E1000"), C9) -> 1718.05 | G9: =IF(A9 = "", "", COUNTIF('Game Record'!G:G, A9)) -> 6 | H9: =IF(A9 = "", "", COUNTIF('Game Record'!H:H, A9)) -> 9 | I9: =IFERROR(__xludf.DUMMYFUNCTION("SUM(FILTER(TeamARecordSet, INDEX(TeamARecordSet, 0, 1) = A9)) + SUM(FILTER(TeamBRecordSet, INDEX(TeamBRecordSet, 0, 1) = A9))"),1718.05) -> 1718.05 | J9: =IFERROR( (SUMIFS(INDIRECT("Game Record!B2:B1000"), INDIRECT("Game Record!A2:A1000"), $A9, INDIRECT("Game Record!E2:E1000"), $C9) + SUMIFS(INDIRECT("Game Record!D2:D1000"), INDIRECT("Game Record!C2:C1000"), $A9, INDIRECT("Game Record!E2:E1000"), $C9)) / (COUNTIFS(INDIRECT("Game Record!A2:A1000"), $A9, INDIRECT("Game Record!E2:E1000"), $C9) + COUNTIFS(INDIRECT("Game Record!C2:C1000"), $A9, INDIRECT("Game Record!E2:E1000"), $C9)), 0) -> 114.53667 | K9: =IFERROR(I9/(G9+H9)) -> 114.53667
A10: Kyle | B10: 9 | C10: 2019 | D10: =IF(A10 = "", "", COUNTIFS('Game Record'!G:G, A10, 'Game Record'!E:E, C10)) -> 5 | E10: =IF(A10 = "", "", COUNTIFS('Game Record'!H:H, A10, 'Game Record'!E:E, C10)) -> 10 | F10: =SUMIFS(INDIRECT("Game Record!B2:B1000"), INDIRECT("Game Record!A2:A1000"), A10, INDIRECT("Game Record!E2:E1000"), C10) + SUMIFS(INDIRECT("Game Record!D2:D1000"), INDIRECT("Game Record!C2:C1000"), A10, INDIRECT("Game Record!E2:E1000"), C10) -> 1653.3 | G10: =IF(A10 = "", "", COUNTIF('Game Record'!G:G, A10)) -> 24 | H10: =IF(A10 = "", "", COUNTIF('Game Record'!H:H, A10)) -> 23 | I10: =IFERROR(__xludf.DUMMYFUNCTION("SUM(FILTER(TeamARecordSet, INDEX(TeamARecordSet, 0, 1) = A10)) + SUM(FILTER(TeamBRecordSet, INDEX(TeamBRecordSet, 0, 1) = A10))"),5701.35) -> 5701.35 | J10: =IFERROR( (SUMIFS(INDIRECT("Game Record!B2:B1000"), INDIRECT("Game Record!A2:A1000"), $A10, INDIRECT("Game Record!E2:E1000"), $C10) + SUMIFS(INDIRECT("Game Record!D2:D1000"), INDIRECT("Game Record!C2:C1000"), $A10, INDIRECT("Game Record!E2:E1000"), $C10)) / (COUNTIFS(INDIRECT("Game Record!A2:A1000"), $A10, INDIRECT("Game Record!E2:E1000"), $C10) + COUNTIFS(INDIRECT("Game Record!C2:C1000"), $A10, INDIRECT("Game Record!E2:E1000"), $C10)), 0) -> 110.22 | K10: =IFERROR(I10/(G10+H10)) -> 121.30532
A11: Ruben | B11: 10 | C11: 2019 | D11: =IF(A11 = "", "", COUNTIFS('Game Record'!G:G, A11, 'Game Record'!E:E, C11)) -> 4 | E11: =IF(A11 = "", "", COUNTIFS('Game Record'!H:H, A11, 'Game Record'!E:E, C11)) -> 11 | F11: =SUMIFS(INDIRECT("Game Record!B2:B1000"), INDIRECT("Game Record!A2:A1000"), A11, INDIRECT("Game Record!E2:E1000"), C11) + SUMIFS(INDIRECT("Game Record!D2:D1000"), INDIRECT("Game Record!C2:C1000"), A11, INDIRECT("Game Record!E2:E1000"), C11) -> 1524.8 | G11: =IF(A11 = "", "", COUNTIF('Game Record'!G:G, A11)) -> 13 | H11: =IF(A11 = "", "", COUNTIF('Game Record'!H:H, A11)) -> 33 | I11: =IFERROR(__xludf.DUMMYFUNCTION("SUM(FILTER(TeamARecordSet, INDEX(TeamARecordSet, 0, 1) = A11)) + SUM(FILTER(TeamBRecordSet, INDEX(TeamBRecordSet, 0, 1) = A11))"),5045.25) -> 5045.25 | J11: =IFERROR( (SUMIFS(INDIRECT("Game Record!B2:B1000"), INDIRECT("Game Record!A2:A1000"), $A11, INDIRECT("Game Record!E2:E1000"), $C11) + SUMIFS(INDIRECT("Game Record!D2:D1000"), INDIRECT("Game Record!C2:C1000"), $A11, INDIRECT("Game Record!E2:E1000"), $C11)) / (COUNTIFS(INDIRECT("Game Record!A2:A1000"), $A11, INDIRECT("Game Record!E2:E1000"), $C11) + COUNTIFS(INDIRECT("Game Record!C2:C1000"), $A11, INDIRECT("Game Record!E2:E1000"), $C11)), 0) -> 101.65333 | K11: =IFERROR(I11/(G11+H11)) -> 109.67935
A12: Griffin | B12: 3 | C12: 2020 | D12: =IF(A12 = "", "", COUNTIFS('Game Record'!G:G, A12, 'Game Record'!E:E, C12)) -> 10 | E12: =IF(A12 = "", "", COUNTIFS('Game Record'!H:H, A12, 'Game Record'!E:E, C12)) -> 5 | F12: =SUMIFS(INDIRECT("Game Record!B2:B1000"), INDIRECT("Game Record!A2:A1000"), A12, INDIRECT("Game Record!E2:E1000"), C12) + SUMIFS(INDIRECT("Game Record!D2:D1000"), INDIRECT("Game Record!C2:C1000"), A12, INDIRECT("Game Record!E2:E1000"), C12) -> 2173.1 | G12: =IF(A12 = "", "", COUNTIF('Game Record'!G:G, A12)) -> 28 | H12: =IF(A12 = "", "", COUNTIF('Game Record'!H:H, A12)) -> 20 | I12: =IFERROR(__xludf.DUMMYFUNCTION("SUM(FILTER(TeamARecordSet, INDEX(TeamARecordSet, 0, 1) = A12)) + SUM(FILTER(TeamBRecordSet, INDEX(TeamBRecordSet, 0, 1) = A12))"),6498.450000000001) -> 6498.45 | J12: =IFERROR( (SUMIFS(INDIRECT("Game Record!B2:B1000"), INDIRECT("Game Record!A2:A1000"), $A12, INDIRECT("Game Record!E2:E1000"), $C12) + SUMIFS(INDIRECT("Game Record!D2:D1000"), INDIRECT("Game Record!C2:C1000"), $A12, INDIRECT("Game Record!E2:E1000"), $C12)) / (COUNTIFS(INDIRECT("Game Record!A2:A1000"), $A12, INDIRECT("Game Record!E2:E1000"), $C12) + COUNTIFS(INDIRECT("Game Record!C2:C1000"), $A12, INDIRECT("Game Record!E2:E1000"), $C12)), 0) -> 144.87333 | K12: =IFERROR(I12/(G12+H12)) -> 135.38438
A13: Jacob | B13: 1 | C13: 2020 | D13: =IF(A13 = "", "", COUNTIFS('Game Record'!G:G, A13, 'Game Record'!E:E, C13)) -> 11 | E13: =IF(A13 = "", "", COUNTIFS('Game Record'!H:H, A13, 'Game Record'!E:E, C13)) -> 4 | F13: =SUMIFS(INDIRECT("Game Record!B2:B1000"), INDIRECT("Game Record!A2:A1000"), A13, INDIRECT("Game Record!E2:E1000"), C13) + SUMIFS(INDIRECT("Game Record!D2:D1000"), INDIRECT("Game Record!C2:C1000"), A13, INDIRECT("Game Record!E2:E1000"), C13) -> 2025.15 | G13: =IF(A13 = "", "", COUNTIF('Game Record'!G:G, A13)) -> 31 | H13: =IF(A13 = "", "", COUNTIF('Game Record'!H:H, A13)) -> 15 | I13: =IFERROR(__xludf.DUMMYFUNCTION("SUM(FILTER(TeamARecordSet, INDEX(TeamARecordSet, 0, 1) = A13)) + SUM(FILTER(TeamBRecordSet, INDEX(TeamBRecordSet, 0, 1) = A13))"),5915.15) -> 5915.15 | J13: =IFERROR( (SUMIFS(INDIRECT("Game Record!B2:B1000"), INDIRECT("Game Record!A2:A1000"), $A13, INDIRECT("Game Record!E2:E1000"), $C13) + SUMIFS(INDIRECT("Game Record!D2:D1000"), INDIRECT("Game Record!C2:C1000"), $A13, INDIRECT("Game Record!E2:E1000"), $C13)) / (COUNTIFS(INDIRECT("Game Record!A2:A1000"), $A13, INDIRECT("Game Record!E2:E1000"), $C13) + COUNTIFS(INDIRECT("Game Record!C2:C1000"), $A13, INDIRECT("Game Record!E2:E1000"), $C13)), 0) -> 135.01 | K13: =IFERROR(I13/(G13+H13)) -> 128.59022
A14: Luke | B14: 8 | C14: 2020 | D14: =IF(A14 = "", "", COUNTIFS('Game Record'!G:G, A14, 'Game Record'!E:E, C14)) -> 5 | E14: =IF(A14 = "", "", COUNTIFS('Game Record'!H:H, A14, 'Game Record'!E:E, C14)) -> 10 | F14: =SUMIFS(INDIRECT("Game Record!B2:B1000"), INDIRECT("Game Record!A2:A1000"), A14, INDIRECT("Game Record!E2:E1000"), C14) + SUMIFS(INDIRECT("Game Record!D2:D1000"), INDIRECT("Game Record!C2:C1000"), A14, INDIRECT("Game Record!E2:E1000"), C14) -> 1837 | G14: =IF(A14 = "", "", COUNTIF('Game Record'!G:G, A14)) -> 24 | H14: =IF(A14 = "", "", COUNTIF('Game Record'!H:H, A14)) -> 22 | I14: =IFERROR(__xludf.DUMMYFUNCTION("SUM(FILTER(TeamARecordSet, INDEX(TeamARecordSet, 0, 1) = A14)) + SUM(FILTER(TeamBRecordSet, INDEX(TeamBRecordSet, 0, 1) = A14))"),6113.9) -> 6113.9 | J14: =IFERROR( (SUMIFS(INDIRECT("Game Record!B2:B1000"), INDIRECT("Game Record!A2:A1000"), $A14, INDIRECT("Game Record!E2:E1000"), $C14) + SUMIFS(INDIRECT("Game Record!D2:D1000"), INDIRECT("Game Record!C2:C1000"), $A14, INDIRECT("Game Record!E2:E1000"), $C14)) / (COUNTIFS(INDIRECT("Game Record!A2:A1000"), $A14, INDIRECT("Game Record!E2:E1000"), $C14) + COUNTIFS(INDIRECT("Game Record!C2:C1000"), $A14, INDIRECT("Game Record!E2:E1000"), $C14)), 0) -> 122.46667 | K14: =IFERROR(I14/(G14+H14)) -> 132.91087
A15: Kadin | B15: 2 | C15: 2020 | D15: =IF(A15 = "", "", COUNTIFS('Game Record'!G:G, A15, 'Game Record'!E:E, C15)) -> 8 | E15: =IF(A15 = "", "", COUNTIFS('Game Record'!H:H, A15, 'Game Record'!E:E, C15)) -> 8 | F15: =SUMIFS(INDIRECT("Game Record!B2:B1000"), INDIRECT("Game Record!A2:A1000"), A15, INDIRECT("Game Record!E2:E1000"), C15) + SUMIFS(INDIRECT("Game Record!D2:D1000"), INDIRECT("Game Record!C2:C1000"), A15, INDIRECT("Game Record!E2:E1000"), C15) -> 2022 | G15: =IF(A15 = "", "", COUNTIF('Game Record'!G:G, A15)) -> 27 | H15: =IF(A15 = "", "", COUNTIF('Game Record'!H:H, A15)) -> 21 | I15: =IFERROR(__xludf.DUMMYFUNCTION("SUM(FILTER(TeamARecordSet, INDEX(TeamARecordSet, 0, 1) = A15)) + SUM(FILTER(TeamBRecordSet, INDEX(TeamBRecordSet, 0, 1) = A15))"),6585.0999999999985) -> 6585.1 | J15: =IFERROR( (SUMIFS(INDIRECT("Game Record!B2:B1000"), INDIRECT("Game Record!A2:A1000"), $A15, INDIRECT("Game Record!E2:E1000"), $C15) + SUMIFS(INDIRECT("Game Record!D2:D1000"), INDIRECT("Game Record!C2:C1000"), $A15, INDIRECT("Game Record!E2:E1000"), $C15)) / (COUNTIFS(INDIRECT("Game Record!A2:A1000"), $A15, INDIRECT("Game Record!E2:E1000"), $C15) + COUNTIFS(INDIRECT("Game Record!C2:C1000"), $A15, INDIRECT("Game Record!E2:E1000"), $C15)), 0) -> 126.375 | K15: =IFERROR(I15/(G15+H15)) -> 137.18958
A16: Ruben | B16: 10 | C16: 2020 | D16: =IF(A16 = "", "", COUNTIFS('Game Record'!G:G, A16, 'Game Record'!E:E, C16)) -> 6 | E16: =IF(A16 = "", "", COUNTIFS('Game Record'!H:H, A16, 'Game Record'!E:E, C16)) -> 9 | F16: =SUMIFS(INDIRECT("Game Record!B2:B1000"), INDIRECT("Game Record!A2:A1000"), A16, INDIRECT("Game Record!E2:E1000"), C16) + SUMIFS(INDIRECT("Game Record!D2:D1000"), INDIRECT("Game Record!C2:C1000"), A16, INDIRECT("Game Record!E2:E1000"), C16) -> 1886.05 | G16: =IF(A16 = "", "", COUNTIF('Game Record'!G:G, A16)) -> 13 | H16: =IF(A16 = "", "", COUNTIF('Game Record'!H:H, A16)) -> 33 | I16: =IFERROR(__xludf.DUMMYFUNCTION("SUM(FILTER(TeamARecordSet, INDEX(TeamARecordSet, 0, 1) = A16)) + SUM(FILTER(TeamBRecordSet, INDEX(TeamBRecordSet, 0, 1) = A16))"),5045.25) -> 5045.25 | J16: =IFERROR( (SUMIFS(INDIRECT("Game Record!B2:B1000"), INDIRECT("Game Record!A2:A1000"), $A16, INDIRECT("Game Record!E2:E1000"), $C16) + SUMIFS(INDIRECT("Game Record!D2:D1000"), INDIRECT("Game Record!C2:C1000"), $A16, INDIRECT("Game Record!E2:E1000"), $C16)) / (COUNTIFS(INDIRECT("Game Record!A2:A1000"), $A16, INDIRECT("Game Record!E2:E1000"), $C16) + COUNTIFS(INDIRECT("Game Record!C2:C1000"), $A16, INDIRECT("Game Record!E2:E1000"), $C16)), 0) -> 125.73667 | K16: =IFERROR(I16/(G16+H16)) -> 109.67935
A17: Mitch | B17: 6 | C17: 2020 | D17: =IF(A17 = "", "", COUNTIFS('Game Record'!G:G, A17, 'Game Record'!E:E, C17)) -> 6 | E17: =IF(A17 = "", "", COUNTIFS('Game Record'!H:H, A17, 'Game Record'!E:E, C17)) -> 9 | F17: =SUMIFS(INDIRECT("Game Record!B2:B1000"), INDIRECT("Game Record!A2:A1000"), A17, INDIRECT("Game Record!E2:E1000"), C17) + SUMIFS(INDIRECT("Game Record!D2:D1000"), INDIRECT("Game Record!C2:C1000"), A17, INDIRECT("Game Record!E2:E1000"), C17) -> 1740.45 | G17: =IF(A17 = "", "", COUNTIF('Game Record'!G:G, A17)) -> 22 | H17: =IF(A17 = "", "", COUNTIF('Game Record'!H:H, A17)) -> 24 | I17: =IFERROR(__xludf.DUMMYFUNCTION("SUM(FILTER(TeamARecordSet, INDEX(TeamARecordSet, 0, 1) = A17)) + SUM(FILTER(TeamBRecordSet, INDEX(TeamBRecordSet, 0, 1) = A17))"),5774.249999999999) -> 5774.25 | J17: =IFERROR( (SUMIFS(INDIRECT("Game Record!B2:B1000"), INDIRECT("Game Record!A2:A1000"), $A17, INDIRECT("Game Record!E2:E1000"), $C17) + SUMIFS(INDIRECT("Game Record!D2:D1000"), INDIRECT("Game Record!C2:C1000"), $A17, INDIRECT("Game Record!E2:E1000"), $C17)) / (COUNTIFS(INDIRECT("Game Record!A2:A1000"), $A17, INDIRECT("Game Record!E2:E1000"), $C17) + COUNTIFS(INDIRECT("Game Record!C2:C1000"), $A17, INDIRECT("Game Record!E2:E1000"), $C17)), 0) -> 116.03 | K17: =IFERROR(I17/(G17+H17)) -> 125.52717
A18: Andrew | B18: 7 | C18: 2020 | D18: =IF(A18 = "", "", COUNTIFS('Game Record'!G:G, A18, 'Game Record'!E:E, C18)) -> 5 | E18: =IF(A18 = "", "", COUNTIFS('Game Record'!H:H, A18, 'Game Record'!E:E, C18)) -> 10 | F18: =SUMIFS(INDIRECT("Game Record!B2:B1000"), INDIRECT("Game Record!A2:A1000"), A18, INDIRECT("Game Record!E2:E1000"), C18) + SUMIFS(INDIRECT("Game Record!D2:D1000"), INDIRECT("Game Record!C2:C1000"), A18, INDIRECT("Game Record!E2:E1000"), C18) -> 1806.8 | G18: =IF(A18 = "", "", COUNTIF('Game Record'!G:G, A18)) -> 15 | H18: =IF(A18 = "", "", COUNTIF('Game Record'!H:H, A18)) -> 16 | I18: =IFERROR(__xludf.DUMMYFUNCTION("SUM(FILTER(TeamARecordSet, INDEX(TeamARecordSet, 0, 1) = A18)) + SUM(FILTER(TeamBRecordSet, INDEX(TeamBRecordSet, 0, 1) = A18))"),3779.55) -> 3779.55 | J18: =IFERROR( (SUMIFS(INDIRECT("Game Record!B2:B1000"), INDIRECT("Game Record!A2:A1000"), $A18, INDIRECT("Game Record!E2:E1000"), $C18) + SUMIFS(INDIRECT("Game Record!D2:D1000"), INDIRECT("Game Record!C2:C1000"), $A18, INDIRECT("Game Record!E2:E1000"), $C18)) / (COUNTIFS(INDIRECT("Game Record!A2:A1000"), $A18, INDIRECT("Game Record!E2:E1000"), $C18) + COUNTIFS(INDIRECT("Game Record!C2:C1000"), $A18, INDIRECT("Game Record!E2:E1000"), $C18)), 0) -> 120.45333 | K18: =IFERROR(I18/(G18+H18)) -> 121.92097
A19: Nick | B19: 9 | C19: 2020 | D19: =IF(A19 = "", "", COUNTIFS('Game Record'!G:G, A19, 'Game Record'!E:E, C19)) -> 7 | E19: =IF(A19 = "", "", COUNTIFS('Game Record'!H:H, A19, 'Game Record'!E:E, C19)) -> 8 | F19: =SUMIFS(INDIRECT("Game Record!B2:B1000"), INDIRECT("Game Record!A2:A1000"), A19, INDIRECT("Game Record!E2:E1000"), C19) + SUMIFS(INDIRECT("Game Record!D2:D1000"), INDIRECT("Game Record!C2:C1000"), A19, INDIRECT("Game Record!E2:E1000"), C19) -> 1836.35 | G19: =IF(A19 = "", "", COUNTIF('Game Record'!G:G, A19)) -> 15 | H19: =IF(A19 = "", "", COUNTIF('Game Record'!H:H, A19)) -> 16 | I19: =IFERROR(__xludf.DUMMYFUNCTION("SUM(FILTER(TeamARecordSet, INDEX(TeamARecordSet, 0, 1) = A19)) + SUM(FILTER(TeamBRecordSet, INDEX(TeamBRecordSet, 0, 1) = A19))"),3759.1000000000004) -> 3759.1 | J19: =IFERROR( (SUMIFS(INDIRECT("Game Record!B2:B1000"), INDIRECT("Game Record!A2:A1000"), $A19, INDIRECT("Game Record!E2:E1000"), $C19) + SUMIFS(INDIRECT("Game Record!D2:D1000"), INDIRECT("Game Record!C2:C1000"), $A19, INDIRECT("Game Record!E2:E1000"), $C19)) / (COUNTIFS(INDIRECT("Game Record!A2:A1000"), $A19, INDIRECT("Game Record!E2:E1000"), $C19) + COUNTIFS(INDIRECT("Game Record!C2:C1000"), $A19, INDIRECT("Game Record!E2:E1000"), $C19)), 0) -> 122.42333 | K19: =IFERROR(I19/(G19+H19)) -> 121.26129
A20: Connor | B20: 4 | C20: 2020 | D20: =IF(A20 = "", "", COUNTIFS('Game Record'!G:G, A20, 'Game Record'!E:E, C20)) -> 9 | E20: =IF(A20 = "", "", COUNTIFS('Game Record'!H:H, A20, 'Game Record'!E:E, C20)) -> 7 | F20: =SUMIFS(INDIRECT("Game Record!B2:B1000"), INDIRECT("Game Record!A2:A1000"), A20, INDIRECT("Game Record!E2:E1000"), C20) + SUMIFS(INDIRECT("Game Record!D2:D1000"), INDIRECT("Game Record!C2:C1000"), A20, INDIRECT("Game Record!E2:E1000"), C20) -> 2013.2 | G20: =IF(A20 = "", "", COUNTIF('Game Record'!G:G, A20)) -> 22 | H20: =IF(A20 = "", "", COUNTIF('Game Record'!H:H, A20)) -> 25 | I20: =IFERROR(__xludf.DUMMYFUNCTION("SUM(FILTER(TeamARecordSet, INDEX(TeamARecordSet, 0, 1) = A20)) + SUM(FILTER(TeamBRecordSet, INDEX(TeamBRecordSet, 0, 1) = A20))"),5792.75) -> 5792.75 | J20: =IFERROR( (SUMIFS(INDIRECT("Game Record!B2:B1000"), INDIRECT("Game Record!A2:A1000"), $A20, INDIRECT("Game Record!E2:E1000"), $C20) + SUMIFS(INDIRECT("Game Record!D2:D1000"), INDIRECT("Game Record!C2:C1000"), $A20, INDIRECT("Game Record!E2:E1000"), $C20)) / (COUNTIFS(INDIRECT("Game Record!A2:A1000"), $A20, INDIRECT("Game Record!E2:E1000"), $C20) + COUNTIFS(INDIRECT("Game Record!C2:C1000"), $A20, INDIRECT("Game Record!E2:E1000"), $C20)), 0) -> 125.825 | K20: =IFERROR(I20/(G20+H20)) -> 123.25
A21: Kyle | B21: 5 | C21: 2020 | D21: =IF(A21 = "", "", COUNTIFS('Game Record'!G:G, A21, 'Game Record'!E:E, C21)) -> 9 | E21: =IF(A21 = "", "", COUNTIFS('Game Record'!H:H, A21, 'Game Record'!E:E, C21)) -> 6 | F21: =SUMIFS(INDIRECT("Game Record!B2:B1000"), INDIRECT("Game Record!A2:A1000"), A21, INDIRECT("Game Record!E2:E1000"), C21) + SUMIFS(INDIRECT("Game Record!D2:D1000"), INDIRECT("Game Record!C2:C1000"), A21, INDIRECT("Game Record!E2:E1000"), C21) -> 1816.5 | G21: =IF(A21 = "", "", COUNTIF('Game Record'!G:G, A21)) -> 24 | H21: =IF(A21 = "", "", COUNTIF('Game Record'!H:H, A21)) -> 23 | I21: =IFERROR(__xludf.DUMMYFUNCTION("SUM(FILTER(TeamARecordSet, INDEX(TeamARecordSet, 0, 1) = A21)) + SUM(FILTER(TeamBRecordSet, INDEX(TeamBRecordSet, 0, 1) = A21))"),5701.35) -> 5701.35 | J21: =IFERROR( (SUMIFS(INDIRECT("Game Record!B2:B1000"), INDIRECT("Game Record!A2:A1000"), $A21, INDIRECT("Game Record!E2:E1000"), $C21) + SUMIFS(INDIRECT("Game Record!D2:D1000"), INDIRECT("Game Record!C2:C1000"), $A21, INDIRECT("Game Record!E2:E1000"), $C21)) / (COUNTIFS(INDIRECT("Game Record!A2:A1000"), $A21, INDIRECT("Game Record!E2:E1000"), $C21) + COUNTIFS(INDIRECT("Game Record!C2:C1000"), $A21, INDIRECT("Game Record!E2:E1000"), $C21)), 0) -> 121.1 | K21: =IFERROR(I21/(G21+H21)) -> 121.30532
A22: Luke | B22: 8 | C22: 2021 | D22: =IF(A22 = "", "", COUNTIFS('Game Record'!G:G, A22, 'Game Record'!E:E, C22)) -> 8 | E22: =IF(A22 = "", "", COUNTIFS('Game Record'!H:H, A22, 'Game Record'!E:E, C22)) -> 8 | F22: =SUMIFS(INDIRECT("Game Record!B2:B1000"), INDIRECT("Game Record!A2:A1000"), A22, INDIRECT("Game Record!E2:E1000"), C22) + SUMIFS(INDIRECT("Game Record!D2:D1000"), INDIRECT("Game Record!C2:C1000"), A22, INDIRECT("Game Record!E2:E1000"), C22) -> 2127.85 | G22: =IF(A22 = "", "", COUNTIF('Game Record'!G:G, A22)) -> 24 | H22: =IF(A22 = "", "", COUNTIF('Game Record'!H:H, A22)) -> 22 | I22: =IFERROR(__xludf.DUMMYFUNCTION("SUM(FILTER(TeamARecordSet, INDEX(TeamARecordSet, 0, 1) = A22)) + SUM(FILTER(TeamBRecordSet, INDEX(TeamBRecordSet, 0, 1) = A22))"),6113.9) -> 6113.9 | J22: =IFERROR( (SUMIFS(INDIRECT("Game Record!B2:B1000"), INDIRECT("Game Record!A2:A1000"), $A22, INDIRECT("Game Record!E2:E1000"), $C22) + SUMIFS(INDIRECT("Game Record!D2:D1000"), INDIRECT("Game Record!C2:C1000"), $A22, INDIRECT("Game Record!E2:E1000"), $C22)) / (COUNTIFS(INDIRECT("Game Record!A2:A1000"), $A22, INDIRECT("Game Record!E2:E1000"), $C22) + COUNTIFS(INDIRECT("Game Record!C2:C1000"), $A22, INDIRECT("Game Record!E2:E1000"), $C22)), 0) -> 132.99062 | K22: =IFERROR(I22/(G22+H22)) -> 132.91087
A23: Kadin | B23: 1 | C23: 2021 | D23: =IF(A23 = "", "", COUNTIFS('Game Record'!G:G, A23, 'Game Record'!E:E, C23)) -> 11 | E23: =IF(A23 = "", "", COUNTIFS('Game Record'!H:H, A23, 'Game Record'!E:E, C23)) -> 5 | F23: =SUMIFS(INDIRECT("Game Record!B2:B1000"), INDIRECT("Game Record!A2:A1000"), A23, INDIRECT("Game Record!E2:E1000"), C23) + SUMIFS(INDIRECT("Game Record!D2:D1000"), INDIRECT("Game Record!C2:C1000"), A23, INDIRECT("Game Record!E2:E1000"), C23) -> 2288.75 | G23: =IF(A23 = "", "", COUNTIF('Game Record'!G:G, A23)) -> 27 | H23: =IF(A23 = "", "", COUNTIF('Game Record'!H:H, A23)) -> 21 | I23: =IFERROR(__xludf.DUMMYFUNCTION("SUM(FILTER(TeamARecordSet, INDEX(TeamARecordSet, 0, 1) = A23)) + SUM(FILTER(TeamBRecordSet, INDEX(TeamBRecordSet, 0, 1) = A23))"),6585.0999999999985) -> 6585.1 | J23: =IFERROR( (SUMIFS(INDIRECT("Game Record!B2:B1000"), INDIRECT("Game Record!A2:A1000"), $A23, INDIRECT("Game Record!E2:E1000"), $C23) + SUMIFS(INDIRECT("Game Record!D2:D1000"), INDIRECT("Game Record!C2:C1000"), $A23, INDIRECT("Game Record!E2:E1000"), $C23)) / (COUNTIFS(INDIRECT("Game Record!A2:A1000"), $A23, INDIRECT("Game Record!E2:E1000"), $C23) + COUNTIFS(INDIRECT("Game Record!C2:C1000"), $A23, INDIRECT("Game Record!E2:E1000"), $C23)), 0) -> 143.04688 | K23: =IFERROR(I23/(G23+H23)) -> 137.18958
A24: Griffin | B24: 4 | C24: 2021 | D24: =IF(A24 = "", "", COUNTIFS('Game Record'!G:G, A24, 'Game Record'!E:E, C24)) -> 10 | E24: =IF(A24 = "", "", COUNTIFS('Game Record'!H:H, A24, 'Game Record'!E:E, C24)) -> 7 | F24: =SUMIFS(INDIRECT("Game Record!B2:B1000"), INDIRECT("Game Record!A2:A1000"), A24, INDIRECT("Game Record!E2:E1000"), C24) + SUMIFS(INDIRECT("Game Record!D2:D1000"), INDIRECT("Game Record!C2:C1000"), A24, INDIRECT("Game Record!E2:E1000"), C24) -> 2234.55 | G24: =IF(A24 = "", "", COUNTIF('Game Record'!G:G, A24)) -> 28 | H24: =IF(A24 = "", "", COUNTIF('Game Record'!H:H, A24)) -> 20 | I24: =IFERROR(__xludf.DUMMYFUNCTION("SUM(FILTER(TeamARecordSet, INDEX(TeamARecordSet, 0, 1) = A24)) + SUM(FILTER(TeamBRecordSet, INDEX(TeamBRecordSet, 0, 1) = A24))"),6498.450000000001) -> 6498.45 | J24: =IFERROR( (SUMIFS(INDIRECT("Game Record!B2:B1000"), INDIRECT("Game Record!A2:A1000"), $A24, INDIRECT("Game Record!E2:E1000"), $C24) + SUMIFS(INDIRECT("Game Record!D2:D1000"), INDIRECT("Game Record!C2:C1000"), $A24, INDIRECT("Game Record!E2:E1000"), $C24)) / (COUNTIFS(INDIRECT("Game Record!A2:A1000"), $A24, INDIRECT("Game Record!E2:E1000"), $C24) + COUNTIFS(INDIRECT("Game Record!C2:C1000"), $A24, INDIRECT("Game Record!E2:E1000"), $C24)), 0) -> 131.44412 | K24: =IFERROR(I24/(G24+H24)) -> 135.38438
A25: Ruben | B25: 10 | C25: 2021 | D25: =IF(A25 = "", "", COUNTIFS('Game Record'!G:G, A25, 'Game Record'!E:E, C25)) -> 3 | E25: =IF(A25 = "", "", COUNTIFS('Game Record'!H:H, A25, 'Game Record'!E:E, C25)) -> 13 | F25: =SUMIFS(INDIRECT("Game Record!B2:B1000"), INDIRECT("Game Record!A2:A1000"), A25, INDIRECT("Game Record!E2:E1000"), C25) + SUMIFS(INDIRECT("Game Record!D2:D1000"), INDIRECT("Game Record!C2:C1000"), A25, INDIRECT("Game Record!E2:E1000"), C25) -> 1634.4 | G25: =IF(A25 = "", "", COUNTIF('Game Record'!G:G, A25)) -> 13 | H25: =IF(A25 = "", "", COUNTIF('Game Record'!H:H, A25)) -> 33 | I25: =IFERROR(__xludf.DUMMYFUNCTION("SUM(FILTER(TeamARecordSet, INDEX(TeamARecordSet, 0, 1) = A25)) + SUM(FILTER(TeamBRecordSet, INDEX(TeamBRecordSet, 0, 1) = A25))"),5045.25) -> 5045.25 | J25: =IFERROR( (SUMIFS(INDIRECT("Game Record!B2:B1000"), INDIRECT("Game Record!A2:A1000"), $A25, INDIRECT("Game Record!E2:E1000"), $C25) + SUMIFS(INDIRECT("Game Record!D2:D1000"), INDIRECT("Game Record!C2:C1000"), $A25, INDIRECT("Game Record!E2:E1000"), $C25)) / (COUNTIFS(INDIRECT("Game Record!A2:A1000"), $A25, INDIRECT("Game Record!E2:E1000"), $C25) + COUNTIFS(INDIRECT("Game Record!C2:C1000"), $A25, INDIRECT("Game Record!E2:E1000"), $C25)), 0) -> 102.15 | K25: =IFERROR(I25/(G25+H25)) -> 109.67935
A26: Mitch | B26: 5 | C26: 2021 | D26: =IF(A26 = "", "", COUNTIFS('Game Record'!G:G, A26, 'Game Record'!E:E, C26)) -> 8 | E26: =IF(A26 = "", "", COUNTIFS('Game Record'!H:H, A26, 'Game Record'!E:E, C26)) -> 8 | F26: =SUMIFS(INDIRECT("Game Record!B2:B1000"), INDIRECT("Game Record!A2:A1000"), A26, INDIRECT("Game Record!E2:E1000"), C26) + SUMIFS(INDIRECT("Game Record!D2:D1000"), INDIRECT("Game Record!C2:C1000"), A26, INDIRECT("Game Record!E2:E1000"), C26) -> 2225.3 | G26: =IF(A26 = "", "", COUNTIF('Game Record'!G:G, A26)) -> 22 | H26: =IF(A26 = "", "", COUNTIF('Game Record'!H:H, A26)) -> 24 | I26: =IFERROR(__xludf.DUMMYFUNCTION("SUM(FILTER(TeamARecordSet, INDEX(TeamARecordSet, 0, 1) = A26)) + SUM(FILTER(TeamBRecordSet, INDEX(TeamBRecordSet, 0, 1) = A26))"),5774.249999999999) -> 5774.25 | J26: =IFERROR( (SUMIFS(INDIRECT("Game Record!B2:B1000"), INDIRECT("Game Record!A2:A1000"), $A26, INDIRECT("Game Record!E2:E1000"), $C26) + SUMIFS(INDIRECT("Game Record!D2:D1000"), INDIRECT("Game Record!C2:C1000"), $A26, INDIRECT("Game Record!E2:E1000"), $C26)) / (COUNTIFS(INDIRECT("Game Record!A2:A1000"), $A26, INDIRECT("Game Record!E2:E1000"), $C26) + COUNTIFS(INDIRECT("Game Record!C2:C1000"), $A26, INDIRECT("Game Record!E2:E1000"), $C26)), 0) -> 139.08125 | K26: =IFERROR(I26/(G26+H26)) -> 125.52717
A27: Jacob | B27: 6 | C27: 2021 | D27: =IF(A27 = "", "", COUNTIFS('Game Record'!G:G, A27, 'Game Record'!E:E, C27)) -> 9 | E27: =IF(A27 = "", "", COUNTIFS('Game Record'!H:H, A27, 'Game Record'!E:E, C27)) -> 7 | F27: =SUMIFS(INDIRECT("Game Record!B2:B1000"), INDIRECT("Game Record!A2:A1000"), A27, INDIRECT("Game Record!E2:E1000"), C27) + SUMIFS(INDIRECT("Game Record!D2:D1000"), INDIRECT("Game Record!C2:C1000"), A27, INDIRECT("Game Record!E2:E1000"), C27) -> 1900.55 | G27: =IF(A27 = "", "", COUNTIF('Game Record'!G:G, A27)) -> 31 | H27: =IF(A27 = "", "", COUNTIF('Game Record'!H:H, A27)) -> 15 | I27: =IFERROR(__xludf.DUMMYFUNCTION("SUM(FILTER(TeamARecordSet, INDEX(TeamARecordSet, 0, 1) = A27)) + SUM(FILTER(TeamBRecordSet, INDEX(TeamBRecordSet, 0, 1) = A27))"),5915.15) -> 5915.15 | J27: =IFERROR( (SUMIFS(INDIRECT("Game Record!B2:B1000"), INDIRECT("Game Record!A2:A1000"), $A27, INDIRECT("Game Record!E2:E1000"), $C27) + SUMIFS(INDIRECT("Game Record!D2:D1000"), INDIRECT("Game Record!C2:C1000"), $A27, INDIRECT("Game Record!E2:E1000"), $C27)) / (COUNTIFS(INDIRECT("Game Record!A2:A1000"), $A27, INDIRECT("Game Record!E2:E1000"), $C27) + COUNTIFS(INDIRECT("Game Record!C2:C1000"), $A27, INDIRECT("Game Record!E2:E1000"), $C27)), 0) -> 118.78437 | K27: =IFERROR(I27/(G27+H27)) -> 128.59022
A28: Andrew | B28: 2 | C28: 2021 | D28: =IF(A28 = "", "", COUNTIFS('Game Record'!G:G, A28, 'Game Record'!E:E, C28)) -> 10 | E28: =IF(A28 = "", "", COUNTIFS('Game Record'!H:H, A28, 'Game Record'!E:E, C28)) -> 6 | F28: =SUMIFS(INDIRECT("Game Record!B2:B1000"), INDIRECT("Game Record!A2:A1000"), A28, INDIRECT("Game Record!E2:E1000"), C28) + SUMIFS(INDIRECT("Game Record!D2:D1000"), INDIRECT("Game Record!C2:C1000"), A28, INDIRECT("Game Record!E2:E1000"), C28) -> 1972.75 | G28: =IF(A28 = "", "", COUNTIF('Game Record'!G:G, A28)) -> 15 | H28: =IF(A28 = "", "", COUNTIF('Game Record'!H:H, A28)) -> 16 | I28: =IFERROR(__xludf.DUMMYFUNCTION("SUM(FILTER(TeamARecordSet, INDEX(TeamARecordSet, 0, 1) = A28)) + SUM(FILTER(TeamBRecordSet, INDEX(TeamBRecordSet, 0, 1) = A28))"),3779.55) -> 3779.55 | J28: =IFERROR( (SUMIFS(INDIRECT("Game Record!B2:B1000"), INDIRECT("Game Record!A2:A1000"), $A28, INDIRECT("Game Record!E2:E1000"), $C28) + SUMIFS(INDIRECT("Game Record!D2:D1000"), INDIRECT("Game Record!C2:C1000"), $A28, INDIRECT("Game Record!E2:E1000"), $C28)) / (COUNTIFS(INDIRECT("Game Record!A2:A1000"), $A28, INDIRECT("Game Record!E2:E1000"), $C28) + COUNTIFS(INDIRECT("Game Record!C2:C1000"), $A28, INDIRECT("Game Record!E2:E1000"), $C28)), 0) -> 123.29688 | K28: =IFERROR(I28/(G28+H28)) -> 121.92097
A29: Connor | B29: 9 | C29: 2021 | D29: =IF(A29 = "", "", COUNTIFS('Game Record'!G:G, A29, 'Game Record'!E:E, C29)) -> 4 | E29: =IF(A29 = "", "", COUNTIFS('Game Record'!H:H, A29, 'Game Record'!E:E, C29)) -> 12 | F29: =SUMIFS(INDIRECT("Game Record!B2:B1000"), INDIRECT("Game Record!A2:A1000"), A29, INDIRECT("Game Record!E2:E1000"), C29) + SUMIFS(INDIRECT("Game Record!D2:D1000"), INDIRECT("Game Record!C2:C1000"), A29, INDIRECT("Game Record!E2:E1000"), C29) -> 1847.05 | G29: =IF(A29 = "", "", COUNTIF('Game Record'!G:G, A29)) -> 22 | H29: =IF(A29 = "", "", COUNTIF('Game Record'!H:H, A29)) -> 25 | I29: =IFERROR(__xludf.DUMMYFUNCTION("SUM(FILTER(TeamARecordSet, INDEX(TeamARecordSet, 0, 1) = A29)) + SUM(FILTER(TeamBRecordSet, INDEX(TeamBRecordSet, 0, 1) = A29))"),5792.75) -> 5792.75 | J29: =IFERROR( (SUMIFS(INDIRECT("Game Record!B2:B1000"), INDIRECT("Game Record!A2:A1000"), $A29, INDIRECT("Game Record!E2:E1000"), $C29) + SUMIFS(INDIRECT("Game Record!D2:D1000"), INDIRECT("Game Record!C2:C1000"), $A29, INDIRECT("Game Record!E2:E1000"), $C29)) / (COUNTIFS(INDIRECT("Game Record!A2:A1000"), $A29, INDIRECT("Game Record!E2:E1000"), $C29) + COUNTIFS(INDIRECT("Game Record!C2:C1000"), $A29, INDIRECT("Game Record!E2:E1000"), $C29)), 0) -> 115.44062 | K29: =IFERROR(I29/(G29+H29)) -> 123.25
A30: Kyle | B30: 3 | C30: 2021 | D30: =IF(A30 = "", "", COUNTIFS('Game Record'!G:G, A30, 'Game Record'!E:E, C30)) -> 10 | E30: =IF(A30 = "", "", COUNTIFS('Game Record'!H:H, A30, 'Game Record'!E:E, C30)) -> 7 | F30: =SUMIFS(INDIRECT("Game Record!B2:B1000"), INDIRECT("Game Record!A2:A1000"), A30, INDIRECT("Game Record!E2:E1000"), C30) + SUMIFS(INDIRECT("Game Record!D2:D1000"), INDIRECT("Game Record!C2:C1000"), A30, INDIRECT("Game Record!E2:E1000"), C30) -> 2231.55 | G30: =IF(A30 = "", "", COUNTIF('Game Record'!G:G, A30)) -> 24 | H30: =IF(A30 = "", "", COUNTIF('Game Record'!H:H, A30)) -> 23 | I30: =IFERROR(__xludf.DUMMYFUNCTION("SUM(FILTER(TeamARecordSet, INDEX(TeamARecordSet, 0, 1) = A30)) + SUM(FILTER(TeamBRecordSet, INDEX(TeamBRecordSet, 0, 1) = A30))"),5701.35) -> 5701.35 | J30: =IFERROR( (SUMIFS(INDIRECT("Game Record!B2:B1000"), INDIRECT("Game Record!A2:A1000"), $A30, INDIRECT("Game Record!E2:E1000"), $C30) + SUMIFS(INDIRECT("Game Record!D2:D1000"), INDIRECT("Game Record!C2:C1000"), $A30, INDIRECT("Game Record!E2:E1000"), $C30)) / (COUNTIFS(INDIRECT("Game Record!A2:A1000"), $A30, INDIRECT("Game Record!E2:E1000"), $C30) + COUNTIFS(INDIRECT("Game Record!C2:C1000"), $A30, INDIRECT("Game Record!E2:E1000"), $C30)), 0) -> 131.26765 | K30: =IFERROR(I30/(G30+H30)) -> 121.30532
A31: Nick | B31: 7 | C31: 2021 | D31: =IF(A31 = "", "", COUNTIFS('Game Record'!G:G, A31, 'Game Record'!E:E, C31)) -> 8 | E31: =IF(A31 = "", "", COUNTIFS('Game Record'!H:H, A31, 'Game Record'!E:E, C31)) -> 8 | F31: =SUMIFS(INDIRECT("Game Record!B2:B1000"), INDIRECT("Game Record!A2:A1000"), A31, INDIRECT("Game Record!E2:E1000"), C31) + SUMIFS(INDIRECT("Game Record!D2:D1000"), INDIRECT("Game Record!C2:C1000"), A31, INDIRECT("Game Record!E2:E1000"), C31) -> 1922.75 | G31: =IF(A31 = "", "", COUNTIF('Game Record'!G:G, A31)) -> 15 | H31: =IF(A31 = "", "", COUNTIF('Game Record'!H:H, A31)) -> 16 | I31: =IFERROR(__xludf.DUMMYFUNCTION("SUM(FILTER(TeamARecordSet, INDEX(TeamARecordSet, 0, 1) = A31)) + SUM(FILTER(TeamBRecordSet, INDEX(TeamBRecordSet, 0, 1) = A31))"),3759.1000000000004) -> 3759.1 | J31: =IFERROR( (SUMIFS(INDIRECT("Game Record!B2:B1000"), INDIRECT("Game Record!A2:A1000"), $A31, INDIRECT("Game Record!E2:E1000"), $C31) + SUMIFS(INDIRECT("Game Record!D2:D1000"), INDIRECT("Game Record!C2:C1000"), $A31, INDIRECT("Game Record!E2:E1000"), $C31)) / (COUNTIFS(INDIRECT("Game Record!A2:A1000"), $A31, INDIRECT("Game Record!E2:E1000"), $C31) + COUNTIFS(INDIRECT("Game Record!C2:C1000"), $A31, INDIRECT("Game Record!E2:E1000"), $C31)), 0) -> 120.17188 | K31: =IFERROR(I31/(G31+H31)) -> 121.26129
D32: =IF(A32 = "", "", COUNTIFS('Game Record'!G:G, A32, 'Game Record'!E:E, C32)) | E32: =IF(A32 = "", "", COUNTIFS('Game Record'!H:H, A32, 'Game Record'!E:E, C32)) | F32: =SUMIFS(INDIRECT("Game Record!B2:B1000"), INDIRECT("Game Record!A2:A1000"), A32, INDIRECT("Game Record!E2:E1000"), C32) + SUMIFS(INDIRECT("Game Record!D2:D1000"), INDIRECT("Game Record!C2:C1000"), A32, INDIRECT("Game Record!E2:E1000"), C32) -> 0 | G32: =IF(A32 = "", "", COUNTIF('Game Record'!G:G, A32)) | H32: =IF(A32 = "", "", COUNTIF('Game Record'!H:H, A32)) | I32: =IFERROR(__xludf.DUMMYFUNCTION("SUM(FILTER(TeamARecordSet, INDEX(TeamARecordSet, 0, 1) = A32)) + SUM(FILTER(TeamBRecordSet, INDEX(TeamBRecordSet, 0, 1) = A32))"),0.0) -> 0 | J32: =IFERROR( (SUMIFS(INDIRECT("Game Record!B2:B1000"), INDIRECT("Game Record!A2:A1000"), $A32, INDIRECT("Game Record!E2:E1000"), $C32) + SUMIFS(INDIRECT("Game Record!D2:D1000"), INDIRECT("Game Record!C2:C1000"), $A32, INDIRECT("Game Record!E2:E1000"), $C32)) / (COUNTIFS(INDIRECT("Game Record!A2:A1000"), $A32, INDIRECT("Game Record!E2:E1000"), $C32) + COUNTIFS(INDIRECT("Game Record!C2:C1000"), $A32, INDIRECT("Game Record!E2:E1000"), $C32)), 0) -> 0 | K32: =IFERROR(I32/(G32+H32))
D33: =IF(A33 = "", "", COUNTIFS('Game Record'!G:G, A33, 'Game Record'!E:E, C33)) | E33: =IF(A33 = "", "", COUNTIFS('Game Record'!H:H, A33, 'Game Record'!E:E, C33)) | F33: =SUMIFS(INDIRECT("Game Record!B2:B1000"), INDIRECT("Game Record!A2:A1000"), A33, INDIRECT("Game Record!E2:E1000"), C33) + SUMIFS(INDIRECT("Game Record!D2:D1000"), INDIRECT("Game Record!C2:C1000"), A33, INDIRECT("Game Record!E2:E1000"), C33) -> 0 | G33: =IF(A33 = "", "", COUNTIF('Game Record'!G:G, A33)) | H33: =IF(A33 = "", "", COUNTIF('Game Record'!H:H, A33)) | I33: =IFERROR(__xludf.DUMMYFUNCTION("SUM(FILTER(TeamARecordSet, INDEX(TeamARecordSet, 0, 1) = A33)) + SUM(FILTER(TeamBRecordSet, INDEX(TeamBRecordSet, 0, 1) = A33))"),0.0) -> 0 | J33: =IFERROR( (SUMIFS(INDIRECT("Game Record!B2:B1000"), INDIRECT("Game Record!A2:A1000"), $A33, INDIRECT("Game Record!E2:E1000"), $C33) + SUMIFS(INDIRECT("Game Record!D2:D1000"), INDIRECT("Game Record!C2:C1000"), $A33, INDIRECT("Game Record!E2:E1000"), $C33)) / (COUNTIFS(INDIRECT("Game Record!A2:A1000"), $A33, INDIRECT("Game Record!E2:E1000"), $C33) + COUNTIFS(INDIRECT("Game Record!C2:C1000"), $A33, INDIRECT("Game Record!E2:E1000"), $C33)), 0) -> 0 | K33: =IFERROR(I33/(G33+H33))
D34: =IF(A34 = "", "", COUNTIFS('Game Record'!G:G, A34, 'Game Record'!E:E, C34)) | E34: =IF(A34 = "", "", COUNTIFS('Game Record'!H:H, A34, 'Game Record'!E:E, C34)) | F34: =SUMIFS(INDIRECT("Game Record!B2:B1000"), INDIRECT("Game Record!A2:A1000"), A34, INDIRECT("Game Record!E2:E1000"), C34) + SUMIFS(INDIRECT("Game Record!D2:D1000"), INDIRECT("Game Record!C2:C1000"), A34, INDIRECT("Game Record!E2:E1000"), C34) -> 0 | G34: =IF(A34 = "", "", COUNTIF('Game Record'!G:G, A34)) | H34: =IF(A34 = "", "", COUNTIF('Game Record'!H:H, A34)) | I34: =IFERROR(__xludf.DUMMYFUNCTION("SUM(FILTER(TeamARecordSet, INDEX(TeamARecordSet, 0, 1) = A34)) + SUM(FILTER(TeamBRecordSet, INDEX(TeamBRecordSet, 0, 1) = A34))"),0.0) -> 0 | J34: =IFERROR( (SUMIFS(INDIRECT("Game Record!B2:B1000"), INDIRECT("Game Record!A2:A1000"), $A34, INDIRECT("Game Record!E2:E1000"), $C34) + SUMIFS(INDIRECT("Game Record!D2:D1000"), INDIRECT("Game Record!C2:C1000"), $A34, INDIRECT("Game Record!E2:E1000"), $C34)) / (COUNTIFS(INDIRECT("Game Record!A2:A1000"), $A34, INDIRECT("Game Record!E2:E1000"), $C34) + COUNTIFS(INDIRECT("Game Record!C2:C1000"), $A34, INDIRECT("Game Record!E2:E1000"), $C34)), 0) -> 0 | K34: =IFERROR(I34/(G34+H34))
D35: =IF(A35 = "", "", COUNTIFS('Game Record'!G:G, A35, 'Game Record'!E:E, C35)) | E35: =IF(A35 = "", "", COUNTIFS('Game Record'!H:H, A35, 'Game Record'!E:E, C35)) | F35: =SUMIFS(INDIRECT("Game Record!B2:B1000"), INDIRECT("Game Record!A2:A1000"), A35, INDIRECT("Game Record!E2:E1000"), C35) + SUMIFS(INDIRECT("Game Record!D2:D1000"), INDIRECT("Game Record!C2:C1000"), A35, INDIRECT("Game Record!E2:E1000"), C35) -> 0 | G35: =IF(A35 = "", "", COUNTIF('Game Record'!G:G, A35)) | H35: =IF(A35 = "", "", COUNTIF('Game Record'!H:H, A35)) | I35: =IFERROR(__xludf.DUMMYFUNCTION("SUM(FILTER(TeamARecordSet, INDEX(TeamARecordSet, 0, 1) = A35)) + SUM(FILTER(TeamBRecordSet, INDEX(TeamBRecordSet, 0, 1) = A35))"),0.0) -> 0 | J35: =IFERROR( (SUMIFS(INDIRECT("Game Record!B2:B1000"), INDIRECT("Game Record!A2:A1000"), $A35, INDIRECT("Game Record!E2:E1000"), $C35) + SUMIFS(INDIRECT("Game Record!D2:D1000"), INDIRECT("Game Record!C2:C1000"), $A35, INDIRECT("Game Record!E2:E1000"), $C35)) / (COUNTIFS(INDIRECT("Game Record!A2:A1000"), $A35, INDIRECT("Game Record!E2:E1000"), $C35) + COUNTIFS(INDIRECT("Game Record!C2:C1000"), $A35, INDIRECT("Game Record!E2:E1000"), $C35)), 0) -> 0 | K35: =IFERROR(I35/(G35+H35))
D36: =IF(A36 = "", "", COUNTIFS('Game Record'!G:G, A36, 'Game Record'!E:E, C36)) | E36: =IF(A36 = "", "", COUNTIFS('Game Record'!H:H, A36, 'Game Record'!E:E, C36)) | F36: =SUMIFS(INDIRECT("Game Record!B2:B1000"), INDIRECT("Game Record!A2:A1000"), A36, INDIRECT("Game Record!E2:E1000"), C36) + SUMIFS(INDIRECT("Game Record!D2:D1000"), INDIRECT("Game Record!C2:C1000"), A36, INDIRECT("Game Record!E2:E1000"), C36) -> 0 | G36: =IF(A36 = "", "", COUNTIF('Game Record'!G:G, A36)) | H36: =IF(A36 = "", "", COUNTIF('Game Record'!H:H, A36)) | I36: =IFERROR(__xludf.DUMMYFUNCTION("SUM(FILTER(TeamARecordSet, INDEX(TeamARecordSet, 0, 1) = A36)) + SUM(FILTER(TeamBRecordSet, INDEX(TeamBRecordSet, 0, 1) = A36))"),0.0) -> 0 | J36: =IFERROR( (SUMIFS(INDIRECT("Game Record!B2:B1000"), INDIRECT("Game Record!A2:A1000"), $A36, INDIRECT("Game Record!E2:E1000"), $C36) + SUMIFS(INDIRECT("Game Record!D2:D1000"), INDIRECT("Game Record!C2:C1000"), $A36, INDIRECT("Game Record!E2:E1000"), $C36)) / (COUNTIFS(INDIRECT("Game Record!A2:A1000"), $A36, INDIRECT("Game Record!E2:E1000"), $C36) + COUNTIFS(INDIRECT("Game Record!C2:C1000"), $A36, INDIRECT("Game Record!E2:E1000"), $C36)), 0) -> 0 | K36: =IFERROR(I36/(G36+H36))
D37: =IF(A37 = "", "", COUNTIFS('Game Record'!G:G, A37, 'Game Record'!E:E, C37)) | E37: =IF(A37 = "", "", COUNTIFS('Game Record'!H:H, A37, 'Game Record'!E:E, C37)) | F37: =SUMIFS(INDIRECT("Game Record!B2:B1000"), INDIRECT("Game Record!A2:A1000"), A37, INDIRECT("Game Record!E2:E1000"), C37) + SUMIFS(INDIRECT("Game Record!D2:D1000"), INDIRECT("Game Record!C2:C1000"), A37, INDIRECT("Game Record!E2:E1000"), C37) -> 0 | G37: =IF(A37 = "", "", COUNTIF('Game Record'!G:G, A37)) | H37: =IF(A37 = "", "", COUNTIF('Game Record'!H:H, A37)) | I37: =IFERROR(__xludf.DUMMYFUNCTION("SUM(FILTER(TeamARecordSet, INDEX(TeamARecordSet, 0, 1) = A37)) + SUM(FILTER(TeamBRecordSet, INDEX(TeamBRecordSet, 0, 1) = A37))"),0.0) -> 0 | J37: =IFERROR( (SUMIFS(INDIRECT("Game Record!B2:B1000"), INDIRECT("Game Record!A2:A1000"), $A37, INDIRECT("Game Record!E2:E1000"), $C37) + SUMIFS(INDIRECT("Game Record!D2:D1000"), INDIRECT("Game Record!C2:C1000"), $A37, INDIRECT("Game Record!E2:E1000"), $C37)) / (COUNTIFS(INDIRECT("Game Record!A2:A1000"), $A37, INDIRECT("Game Record!E2:E1000"), $C37) + COUNTIFS(INDIRECT("Game Record!C2:C1000"), $A37, INDIRECT("Game Record!E2:E1000"), $C37)), 0) -> 0 | K37: =IFERROR(I37/(G37+H37))
D38: =IF(A38 = "", "", COUNTIFS('Game Record'!G:G, A38, 'Game Record'!E:E, C38)) | E38: =IF(A38 = "", "", COUNTIFS('Game Record'!H:H, A38, 'Game Record'!E:E, C38)) | F38: =SUMIFS(INDIRECT("Game Record!B2:B1000"), INDIRECT("Game Record!A2:A1000"), A38, INDIRECT("Game Record!E2:E1000"), C38) + SUMIFS(INDIRECT("Game Record!D2:D1000"), INDIRECT("Game Record!C2:C1000"), A38, INDIRECT("Game Record!E2:E1000"), C38) -> 0 | G38: =IF(A38 = "", "", COUNTIF('Game Record'!G:G, A38)) | H38: =IF(A38 = "", "", COUNTIF('Game Record'!H:H, A38)) | I38: =IFERROR(__xludf.DUMMYFUNCTION("SUM(FILTER(TeamARecordSet, INDEX(TeamARecordSet, 0, 1) = A38)) + SUM(FILTER(TeamBRecordSet, INDEX(TeamBRecordSet, 0, 1) = A38))"),0.0) -> 0 | J38: =IFERROR( (SUMIFS(INDIRECT("Game Record!B2:B1000"), INDIRECT("Game Record!A2:A1000"), $A38, INDIRECT("Game Record!E2:E1000"), $C38) + SUMIFS(INDIRECT("Game Record!D2:D1000"), INDIRECT("Game Record!C2:C1000"), $A38, INDIRECT("Game Record!E2:E1000"), $C38)) / (COUNTIFS(INDIRECT("Game Record!A2:A1000"), $A38, INDIRECT("Game Record!E2:E1000"), $C38) + COUNTIFS(INDIRECT("Game Record!C2:C1000"), $A38, INDIRECT("Game Record!E2:E1000"), $C38)), 0) -> 0 | K38: =IFERROR(I38/(G38+H38))
D39: =IF(A39 = "", "", COUNTIFS('Game Record'!G:G, A39, 'Game Record'!E:E, C39)) | E39: =IF(A39 = "", "", COUNTIFS('Game Record'!H:H, A39, 'Game Record'!E:E, C39)) | F39: =SUMIFS(INDIRECT("Game Record!B2:B1000"), INDIRECT("Game Record!A2:A1000"), A39, INDIRECT("Game Record!E2:E1000"), C39) + SUMIFS(INDIRECT("Game Record!D2:D1000"), INDIRECT("Game Record!C2:C1000"), A39, INDIRECT("Game Record!E2:E1000"), C39) -> 0 | G39: =IF(A39 = "", "", COUNTIF('Game Record'!G:G, A39)) | H39: =IF(A39 = "", "", COUNTIF('Game Record'!H:H, A39)) | I39: =IFERROR(__xludf.DUMMYFUNCTION("SUM(FILTER(TeamARecordSet, INDEX(TeamARecordSet, 0, 1) = A39)) + SUM(FILTER(TeamBRecordSet, INDEX(TeamBRecordSet, 0, 1) = A39))"),0.0) -> 0 | J39: =IFERROR( (SUMIFS(INDIRECT("Game Record!B2:B1000"), INDIRECT("Game Record!A2:A1000"), $A39, INDIRECT("Game Record!E2:E1000"), $C39) + SUMIFS(INDIRECT("Game Record!D2:D1000"), INDIRECT("Game Record!C2:C1000"), $A39, INDIRECT("Game Record!E2:E1000"), $C39)) / (COUNTIFS(INDIRECT("Game Record!A2:A1000"), $A39, INDIRECT("Game Record!E2:E1000"), $C39) + COUNTIFS(INDIRECT("Game Record!C2:C1000"), $A39, INDIRECT("Game Record!E2:E1000"), $C39)), 0) -> 0 | K39: =IFERROR(I39/(G39+H39))
D40: =IF(A40 = "", "", COUNTIFS('Game Record'!G:G, A40, 'Game Record'!E:E, C40)) | E40: =IF(A40 = "", "", COUNTIFS('Game Record'!H:H, A40, 'Game Record'!E:E, C40)) | F40: =SUMIFS(INDIRECT("Game Record!B2:B1000"), INDIRECT("Game Record!A2:A1000"), A40, INDIRECT("Game Record!E2:E1000"), C40) + SUMIFS(INDIRECT("Game Record!D2:D1000"), INDIRECT("Game Record!C2:C1000"), A40, INDIRECT("Game Record!E2:E1000"), C40) -> 0 | G40: =IF(A40 = "", "", COUNTIF('Game Record'!G:G, A40)) | H40: =IF(A40 = "", "", COUNTIF('Game Record'!H:H, A40)) | I40: =IFERROR(__xludf.DUMMYFUNCTION("SUM(FILTER(TeamARecordSet, INDEX(TeamARecordSet, 0, 1) = A40)) + SUM(FILTER(TeamBRecordSet, INDEX(TeamBRecordSet, 0, 1) = A40))"),0.0) -> 0 | J40: =IFERROR( (SUMIFS(INDIRECT("Game Record!B2:B1000"), INDIRECT("Game Record!A2:A1000"), $A40, INDIRECT("Game Record!E2:E1000"), $C40) + SUMIFS(INDIRECT("Game Record!D2:D1000"), INDIRECT("Game Record!C2:C1000"), $A40, INDIRECT("Game Record!E2:E1000"), $C40)) / (COUNTIFS(INDIRECT("Game Record!A2:A1000"), $A40, INDIRECT("Game Record!E2:E1000"), $C40) + COUNTIFS(INDIRECT("Game Record!C2:C1000"), $A40, INDIRECT("Game Record!E2:E1000"), $C40)), 0) -> 0 | K40: =IFERROR(I40/(G40+H40))
D41: =IF(A41 = "", "", COUNTIFS('Game Record'!G:G, A41, 'Game Record'!E:E, C41)) | E41: =IF(A41 = "", "", COUNTIFS('Game Record'!H:H, A41, 'Game Record'!E:E, C41)) | F41: =SUMIFS(INDIRECT("Game Record!B2:B1000"), INDIRECT("Game Record!A2:A1000"), A41, INDIRECT("Game Record!E2:E1000"), C41) + SUMIFS(INDIRECT("Game Record!D2:D1000"), INDIRECT("Game Record!C2:C1000"), A41, INDIRECT("Game Record!E2:E1000"), C41) -> 0 | G41: =IF(A41 = "", "", COUNTIF('Game Record'!G:G, A41)) | H41: =IF(A41 = "", "", COUNTIF('Game Record'!H:H, A41)) | I41: =IFERROR(__xludf.DUMMYFUNCTION("SUM(FILTER(TeamARecordSet, INDEX(TeamARecordSet, 0, 1) = A41)) + SUM(FILTER(TeamBRecordSet, INDEX(TeamBRecordSet, 0, 1) = A41))"),0.0) -> 0 | J41: =IFERROR( (SUMIFS(INDIRECT("Game Record!B2:B1000"), INDIRECT("Game Record!A2:A1000"), $A41, INDIRECT("Game Record!E2:E1000"), $C41) + SUMIFS(INDIRECT("Game Record!D2:D1000"), INDIRECT("Game Record!C2:C1000"), $A41, INDIRECT("Game Record!E2:E1000"), $C41)) / (COUNTIFS(INDIRECT("Game Record!A2:A1000"), $A41, INDIRECT("Game Record!E2:E1000"), $C41) + COUNTIFS(INDIRECT("Game Record!C2:C1000"), $A41, INDIRECT("Game Record!E2:E1000"), $C41)), 0) -> 0 | K41: =IFERROR(I41/(G41+H41))
D42: =IF(A42 = "", "", COUNTIFS('Game Record'!G:G, A42, 'Game Record'!E:E, C42)) | E42: =IF(A42 = "", "", COUNTIFS('Game Record'!H:H, A42, 'Game Record'!E:E, C42)) | F42: =SUMIFS(INDIRECT("Game Record!B2:B1000"), INDIRECT("Game Record!A2:A1000"), A42, INDIRECT("Game Record!E2:E1000"), C42) + SUMIFS(INDIRECT("Game Record!D2:D1000"), INDIRECT("Game Record!C2:C1000"), A42, INDIRECT("Game Record!E2:E1000"), C42) -> 0 | G42: =IF(A42 = "", "", COUNTIF('Game Record'!G:G, A42)) | H42: =IF(A42 = "", "", COUNTIF('Game Record'!H:H, A42)) | I42: =IFERROR(__xludf.DUMMYFUNCTION("SUM(FILTER(TeamARecordSet, INDEX(TeamARecordSet, 0, 1) = A42)) + SUM(FILTER(TeamBRecordSet, INDEX(TeamBRecordSet, 0, 1) = A42))"),0.0) -> 0 | J42: =IFERROR( (SUMIFS(INDIRECT("Game Record!B2:B1000"), INDIRECT("Game Record!A2:A1000"), $A42, INDIRECT("Game Record!E2:E1000"), $C42) + SUMIFS(INDIRECT("Game Record!D2:D1000"), INDIRECT("Game Record!C2:C1000"), $A42, INDIRECT("Game Record!E2:E1000"), $C42)) / (COUNTIFS(INDIRECT("Game Record!A2:A1000"), $A42, INDIRECT("Game Record!E2:E1000"), $C42) + COUNTIFS(INDIRECT("Game Record!C2:C1000"), $A42, INDIRECT("Game Record!E2:E1000"), $C42)), 0) -> 0 | K42: =IFERROR(I42/(G42+H42))
D43: =IF(A43 = "", "", COUNTIFS('Game Record'!G:G, A43, 'Game Record'!E:E, C43)) | E43: =IF(A43 = "", "", COUNTIFS('Game Record'!H:H, A43, 'Game Record'!E:E, C43)) | F43: =SUMIFS(INDIRECT("Game Record!B2:B1000"), INDIRECT("Game Record!A2:A1000"), A43, INDIRECT("Game Record!E2:E1000"), C43) + SUMIFS(INDIRECT("Game Record!D2:D1000"), INDIRECT("Game Record!C2:C1000"), A43, INDIRECT("Game Record!E2:E1000"), C43) -> 0 | G43: =IF(A43 = "", "", COUNTIF('Game Record'!G:G, A43)) | H43: =IF(A43 = "", "", COUNTIF('Game Record'!H:H, A43)) | I43: =IFERROR(__xludf.DUMMYFUNCTION("SUM(FILTER(TeamARecordSet, INDEX(TeamARecordSet, 0, 1) = A43)) + SUM(FILTER(TeamBRecordSet, INDEX(TeamBRecordSet, 0, 1) = A43))"),0.0) -> 0 | J43: =IFERROR( (SUMIFS(INDIRECT("Game Record!B2:B1000"), INDIRECT("Game Record!A2:A1000"), $A43, INDIRECT("Game Record!E2:E1000"), $C43) + SUMIFS(INDIRECT("Game Record!D2:D1000"), INDIRECT("Game Record!C2:C1000"), $A43, INDIRECT("Game Record!E2:E1000"), $C43)) / (COUNTIFS(INDIRECT("Game Record!A2:A1000"), $A43, INDIRECT("Game Record!E2:E1000"), $C43) + COUNTIFS(INDIRECT("Game Record!C2:C1000"), $A43, INDIRECT("Game Record!E2:E1000"), $C43)), 0) -> 0 | K43: =IFERROR(I43/(G43+H43))
D44: =IF(A44 = "", "", COUNTIFS('Game Record'!G:G, A44, 'Game Record'!E:E, C44)) | E44: =IF(A44 = "", "", COUNTIFS('Game Record'!H:H, A44, 'Game Record'!E:E, C44)) | F44: =SUMIFS(INDIRECT("Game Record!B2:B1000"), INDIRECT("Game Record!A2:A1000"), A44, INDIRECT("Game Record!E2:E1000"), C44) + SUMIFS(INDIRECT("Game Record!D2:D1000"), INDIRECT("Game Record!C2:C1000"), A44, INDIRECT("Game Record!E2:E1000"), C44) -> 0 | G44: =IF(A44 = "", "", COUNTIF('Game Record'!G:G, A44)) | H44: =IF(A44 = "", "", COUNTIF('Game Record'!H:H, A44)) | I44: =IFERROR(__xludf.DUMMYFUNCTION("SUM(FILTER(TeamARecordSet, INDEX(TeamARecordSet, 0, 1) = A44)) + SUM(FILTER(TeamBRecordSet, INDEX(TeamBRecordSet, 0, 1) = A44))"),0.0) -> 0 | J44: =IFERROR( (SUMIFS(INDIRECT("Game Record!B2:B1000"), INDIRECT("Game Record!A2:A1000"), $A44, INDIRECT("Game Record!E2:E1000"), $C44) + SUMIFS(INDIRECT("Game Record!D2:D1000"), INDIRECT("Game Record!C2:C1000"), $A44, INDIRECT("Game Record!E2:E1000"), $C44)) / (COUNTIFS(INDIRECT("Game Record!A2:A1000"), $A44, INDIRECT("Game Record!E2:E1000"), $C44) + COUNTIFS(INDIRECT("Game Record!C2:C1000"), $A44, INDIRECT("Game Record!E2:E1000"), $C44)), 0) -> 0 | K44: =IFERROR(I44/(G44+H44))
D45: =IF(A45 = "", "", COUNTIFS('Game Record'!G:G, A45, 'Game Record'!E:E, C45)) | E45: =IF(A45 = "", "", COUNTIFS('Game Record'!H:H, A45, 'Game Record'!E:E, C45)) | F45: =SUMIFS(INDIRECT("Game Record!B2:B1000"), INDIRECT("Game Record!A2:A1000"), A45, INDIRECT("Game Record!E2:E1000"), C45) + SUMIFS(INDIRECT("Game Record!D2:D1000"), INDIRECT("Game Record!C2:C1000"), A45, INDIRECT("Game Record!E2:E1000"), C45) -> 0 | G45: =IF(A45 = "", "", COUNTIF('Game Record'!G:G, A45)) | H45: =IF(A45 = "", "", COUNTIF('Game Record'!H:H, A45)) | I45: =IFERROR(__xludf.DUMMYFUNCTION("SUM(FILTER(TeamARecordSet, INDEX(TeamARecordSet, 0, 1) = A45)) + SUM(FILTER(TeamBRecordSet, INDEX(TeamBRecordSet, 0, 1) = A45))"),0.0) -> 0 | J45: =IFERROR( (SUMIFS(INDIRECT("Game Record!B2:B1000"), INDIRECT("Game Record!A2:A1000"), $A45, INDIRECT("Game Record!E2:E1000"), $C45) + SUMIFS(INDIRECT("Game Record!D2:D1000"), INDIRECT("Game Record!C2:C1000"), $A45, INDIRECT("Game Record!E2:E1000"), $C45)) / (COUNTIFS(INDIRECT("Game Record!A2:A1000"), $A45, INDIRECT("Game Record!E2:E1000"), $C45) + COUNTIFS(INDIRECT("Game Record!C2:C1000"), $A45, INDIRECT("Game Record!E2:E1000"), $C45)), 0) -> 0 | K45: =IFERROR(I45/(G45+H45))
D46: =IF(A46 = "", "", COUNTIFS('Game Record'!G:G, A46, 'Game Record'!E:E, C46)) | E46: =IF(A46 = "", "", COUNTIFS('Game Record'!H:H, A46, 'Game Record'!E:E, C46)) | F46: =SUMIFS(INDIRECT("Game Record!B2:B1000"), INDIRECT("Game Record!A2:A1000"), A46, INDIRECT("Game Record!E2:E1000"), C46) + SUMIFS(INDIRECT("Game Record!D2:D1000"), INDIRECT("Game Record!C2:C1000"), A46, INDIRECT("Game Record!E2:E1000"), C46) -> 0 | G46: =IF(A46 = "", "", COUNTIF('Game Record'!G:G, A46)) | H46: =IF(A46 = "", "", COUNTIF('Game Record'!H:H, A46)) | I46: =IFERROR(__xludf.DUMMYFUNCTION("SUM(FILTER(TeamARecordSet, INDEX(TeamARecordSet, 0, 1) = A46)) + SUM(FILTER(TeamBRecordSet, INDEX(TeamBRecordSet, 0, 1) = A46))"),0.0) -> 0 | J46: =IFERROR( (SUMIFS(INDIRECT("Game Record!B2:B1000"), INDIRECT("Game Record!A2:A1000"), $A46, INDIRECT("Game Record!E2:E1000"), $C46) + SUMIFS(INDIRECT("Game Record!D2:D1000"), INDIRECT("Game Record!C2:C1000"), $A46, INDIRECT("Game Record!E2:E1000"), $C46)) / (COUNTIFS(INDIRECT("Game Record!A2:A1000"), $A46, INDIRECT("Game Record!E2:E1000"), $C46) + COUNTIFS(INDIRECT("Game Record!C2:C1000"), $A46, INDIRECT("Game Record!E2:E1000"), $C46)), 0) -> 0 | K46: =IFERROR(I46/(G46+H46))
D47: =IF(A47 = "", "", COUNTIFS('Game Record'!G:G, A47, 'Game Record'!E:E, C47)) | E47: =IF(A47 = "", "", COUNTIFS('Game Record'!H:H, A47, 'Game Record'!E:E, C47)) | F47: =SUMIFS(INDIRECT("Game Record!B2:B1000"), INDIRECT("Game Record!A2:A1000"), A47, INDIRECT("Game Record!E2:E1000"), C47) + SUMIFS(INDIRECT("Game Record!D2:D1000"), INDIRECT("Game Record!C2:C1000"), A47, INDIRECT("Game Record!E2:E1000"), C47) -> 0 | G47: =IF(A47 = "", "", COUNTIF('Game Record'!G:G, A47)) | H47: =IF(A47 = "", "", COUNTIF('Game Record'!H:H, A47)) | I47: =IFERROR(__xludf.DUMMYFUNCTION("SUM(FILTER(TeamARecordSet, INDEX(TeamARecordSet, 0, 1) = A47)) + SUM(FILTER(TeamBRecordSet, INDEX(TeamBRecordSet, 0, 1) = A47))"),0.0) -> 0 | J47: =IFERROR( (SUMIFS(INDIRECT("Game Record!B2:B1000"), INDIRECT("Game Record!A2:A1000"), $A47, INDIRECT("Game Record!E2:E1000"), $C47) + SUMIFS(INDIRECT("Game Record!D2:D1000"), INDIRECT("Game Record!C2:C1000"), $A47, INDIRECT("Game Record!E2:E1000"), $C47)) / (COUNTIFS(INDIRECT("Game Record!A2:A1000"), $A47, INDIRECT("Game Record!E2:E1000"), $C47) + COUNTIFS(INDIRECT("Game Record!C2:C1000"), $A47, INDIRECT("Game Record!E2:E1000"), $C47)), 0) -> 0 | K47: =IFERROR(I47/(G47+H47))
D48: =IF(A48 = "", "", COUNTIFS('Game Record'!G:G, A48, 'Game Record'!E:E, C48)) | E48: =IF(A48 = "", "", COUNTIFS('Game Record'!H:H, A48, 'Game Record'!E:E, C48)) | F48: =SUMIFS(INDIRECT("Game Record!B2:B1000"), INDIRECT("Game Record!A2:A1000"), A48, INDIRECT("Game Record!E2:E1000"), C48) + SUMIFS(INDIRECT("Game Record!D2:D1000"), INDIRECT("Game Record!C2:C1000"), A48, INDIRECT("Game Record!E2:E1000"), C48) -> 0 | G48: =IF(A48 = "", "", COUNTIF('Game Record'!G:G, A48)) | H48: =IF(A48 = "", "", COUNTIF('Game Record'!H:H, A48)) | I48: =IFERROR(__xludf.DUMMYFUNCTION("SUM(FILTER(TeamARecordSet, INDEX(TeamARecordSet, 0, 1) = A48)) + SUM(FILTER(TeamBRecordSet, INDEX(TeamBRecordSet, 0, 1) = A48))"),0.0) -> 0 | J48: =IFERROR( (SUMIFS(INDIRECT("Game Record!B2:B1000"), INDIRECT("Game Record!A2:A1000"), $A48, INDIRECT("Game Record!E2:E1000"), $C48) + SUMIFS(INDIRECT("Game Record!D2:D1000"), INDIRECT("Game Record!C2:C1000"), $A48, INDIRECT("Game Record!E2:E1000"), $C48)) / (COUNTIFS(INDIRECT("Game Record!A2:A1000"), $A48, INDIRECT("Game Record!E2:E1000"), $C48) + COUNTIFS(INDIRECT("Game Record!C2:C1000"), $A48, INDIRECT("Game Record!E2:E1000"), $C48)), 0) -> 0 | K48: =IFERROR(I48/(G48+H48))
D49: =IF(A49 = "", "", COUNTIFS('Game Record'!G:G, A49, 'Game Record'!E:E, C49)) | E49: =IF(A49 = "", "", COUNTIFS('Game Record'!H:H, A49, 'Game Record'!E:E, C49)) | F49: =SUMIFS(INDIRECT("Game Record!B2:B1000"), INDIRECT("Game Record!A2:A1000"), A49, INDIRECT("Game Record!E2:E1000"), C49) + SUMIFS(INDIRECT("Game Record!D2:D1000"), INDIRECT("Game Record!C2:C1000"), A49, INDIRECT("Game Record!E2:E1000"), C49) -> 0 | G49: =IF(A49 = "", "", COUNTIF('Game Record'!G:G, A49)) | H49: =IF(A49 = "", "", COUNTIF('Game Record'!H:H, A49)) | I49: =IFERROR(__xludf.DUMMYFUNCTION("SUM(FILTER(TeamARecordSet, INDEX(TeamARecordSet, 0, 1) = A49)) + SUM(FILTER(TeamBRecordSet, INDEX(TeamBRecordSet, 0, 1) = A49))"),0.0) -> 0 | J49: =IFERROR( (SUMIFS(INDIRECT("Game Record!B2:B1000"), INDIRECT("Game Record!A2:A1000"), $A49, INDIRECT("Game Record!E2:E1000"), $C49) + SUMIFS(INDIRECT("Game Record!D2:D1000"), INDIRECT("Game Record!C2:C1000"), $A49, INDIRECT("Game Record!E2:E1000"), $C49)) / (COUNTIFS(INDIRECT("Game Record!A2:A1000"), $A49, INDIRECT("Game Record!E2:E1000"), $C49) + COUNTIFS(INDIRECT("Game Record!C2:C1000"), $A49, INDIRECT("Game Record!E2:E1000"), $C49)), 0) -> 0 | K49: =IFERROR(I49/(G49+H49))
D50: =IF(A50 = "", "", COUNTIFS('Game Record'!G:G, A50, 'Game Record'!E:E, C50)) | E50: =IF(A50 = "", "", COUNTIFS('Game Record'!H:H, A50, 'Game Record'!E:E, C50)) | F50: =SUMIFS(INDIRECT("Game Record!B2:B1000"), INDIRECT("Game Record!A2:A1000"), A50, INDIRECT("Game Record!E2:E1000"), C50) + SUMIFS(INDIRECT("Game Record!D2:D1000"), INDIRECT("Game Record!C2:C1000"), A50, INDIRECT("Game Record!E2:E1000"), C50) -> 0 | G50: =IF(A50 = "", "", COUNTIF('Game Record'!G:G, A50)) | H50: =IF(A50 = "", "", COUNTIF('Game Record'!H:H, A50)) | I50: =IFERROR(__xludf.DUMMYFUNCTION("SUM(FILTER(TeamARecordSet, INDEX(TeamARecordSet, 0, 1) = A50)) + SUM(FILTER(TeamBRecordSet, INDEX(TeamBRecordSet, 0, 1) = A50))"),0.0) -> 0 | J50: =IFERROR( (SUMIFS(INDIRECT("Game Record!B2:B1000"), INDIRECT("Game Record!A2:A1000"), $A50, INDIRECT("Game Record!E2:E1000"), $C50) + SUMIFS(INDIRECT("Game Record!D2:D1000"), INDIRECT("Game Record!C2:C1000"), $A50, INDIRECT("Game Record!E2:E1000"), $C50)) / (COUNTIFS(INDIRECT("Game Record!A2:A1000"), $A50, INDIRECT("Game Record!E2:E1000"), $C50) + COUNTIFS(INDIRECT("Game Record!C2:C1000"), $A50, INDIRECT("Game Record!E2:E1000"), $C50)), 0) -> 0 | K50: =IFERROR(I50/(G50+H50))
D51: =IF(A51 = "", "", COUNTIFS('Game Record'!G:G, A51, 'Game Record'!E:E, C51)) | E51: =IF(A51 = "", "", COUNTIFS('Game Record'!H:H, A51, 'Game Record'!E:E, C51)) | F51: =SUMIFS(INDIRECT("Game Record!B2:B1000"), INDIRECT("Game Record!A2:A1000"), A51, INDIRECT("Game Record!E2:E1000"), C51) + SUMIFS(INDIRECT("Game Record!D2:D1000"), INDIRECT("Game Record!C2:C1000"), A51, INDIRECT("Game Record!E2:E1000"), C51) -> 0 | G51: =IF(A51 = "", "", COUNTIF('Game Record'!G:G, A51)) | H51: =IF(A51 = "", "", COUNTIF('Game Record'!H:H, A51)) | I51: =IFERROR(__xludf.DUMMYFUNCTION("SUM(FILTER(TeamARecordSet, INDEX(TeamARecordSet, 0, 1) = A51)) + SUM(FILTER(TeamBRecordSet, INDEX(TeamBRecordSet, 0, 1) = A51))"),0.0) -> 0 | J51: =IFERROR( (SUMIFS(INDIRECT("Game Record!B2:B1000"), INDIRECT("Game Record!A2:A1000"), $A51, INDIRECT("Game Record!E2:E1000"), $C51) + SUMIFS(INDIRECT("Game Record!D2:D1000"), INDIRECT("Game Record!C2:C1000"), $A51, INDIRECT("Game Record!E2:E1000"), $C51)) / (COUNTIFS(INDIRECT("Game Record!A2:A1000"), $A51, INDIRECT("Game Record!E2:E1000"), $C51) + COUNTIFS(INDIRECT("Game Record!C2:C1000"), $A51, INDIRECT("Game Record!E2:E1000"), $C51)), 0) -> 0 | K51: =IFERROR(I51/(G51+H51))
D52: =IF(A52 = "", "", COUNTIFS('Game Record'!G:G, A52, 'Game Record'!E:E, C52)) | E52: =IF(A52 = "", "", COUNTIFS('Game Record'!H:H, A52, 'Game Record'!E:E, C52)) | F52: =SUMIFS(INDIRECT("Game Record!B2:B1000"), INDIRECT("Game Record!A2:A1000"), A52, INDIRECT("Game Record!E2:E1000"), C52) + SUMIFS(INDIRECT("Game Record!D2:D1000"), INDIRECT("Game Record!C2:C1000"), A52, INDIRECT("Game Record!E2:E1000"), C52) -> 0 | G52: =IF(A52 = "", "", COUNTIF('Game Record'!G:G, A52)) | H52: =IF(A52 = "", "", COUNTIF('Game Record'!H:H, A52)) | I52: =IFERROR(__xludf.DUMMYFUNCTION("SUM(FILTER(TeamARecordSet, INDEX(TeamARecordSet, 0, 1) = A52)) + SUM(FILTER(TeamBRecordSet, INDEX(TeamBRecordSet, 0, 1) = A52))"),0.0) -> 0 | J52: =IFERROR( (SUMIFS(INDIRECT("Game Record!B2:B1000"), INDIRECT("Game Record!A2:A1000"), $A52, INDIRECT("Game Record!E2:E1000"), $C52) + SUMIFS(INDIRECT("Game Record!D2:D1000"), INDIRECT("Game Record!C2:C1000"), $A52, INDIRECT("Game Record!E2:E1000"), $C52)) / (COUNTIFS(INDIRECT("Game Record!A2:A1000"), $A52, INDIRECT("Game Record!E2:E1000"), $C52) + COUNTIFS(INDIRECT("Game Record!C2:C1000"), $A52, INDIRECT("Game Record!E2:E1000"), $C52)), 0) -> 0 | K52: =IFERROR(I52/(G52+H52))
D53: =IF(A53 = "", "", COUNTIFS('Game Record'!G:G, A53, 'Game Record'!E:E, C53)) | E53: =IF(A53 = "", "", COUNTIFS('Game Record'!H:H, A53, 'Game Record'!E:E, C53)) | F53: =SUMIFS(INDIRECT("Game Record!B2:B1000"), INDIRECT("Game Record!A2:A1000"), A53, INDIRECT("Game Record!E2:E1000"), C53) + SUMIFS(INDIRECT("Game Record!D2:D1000"), INDIRECT("Game Record!C2:C1000"), A53, INDIRECT("Game Record!E2:E1000"), C53) -> 0 | G53: =IF(A53 = "", "", COUNTIF('Game Record'!G:G, A53)) | H53: =IF(A53 = "", "", COUNTIF('Game Record'!H:H, A53)) | I53: =IFERROR(__xludf.DUMMYFUNCTION("SUM(FILTER(TeamARecordSet, INDEX(TeamARecordSet, 0, 1) = A53)) + SUM(FILTER(TeamBRecordSet, INDEX(TeamBRecordSet, 0, 1) = A53))"),0.0) -> 0 | J53: =IFERROR( (SUMIFS(INDIRECT("Game Record!B2:B1000"), INDIRECT("Game Record!A2:A1000"), $A53, INDIRECT("Game Record!E2:E1000"), $C53) + SUMIFS(INDIRECT("Game Record!D2:D1000"), INDIRECT("Game Record!C2:C1000"), $A53, INDIRECT("Game Record!E2:E1000"), $C53)) / (COUNTIFS(INDIRECT("Game Record!A2:A1000"), $A53, INDIRECT("Game Record!E2:E1000"), $C53) + COUNTIFS(INDIRECT("Game Record!C2:C1000"), $A53, INDIRECT("Game Record!E2:E1000"), $C53)), 0) -> 0 | K53: =IFERROR(I53/(G53+H53))
D54: =IF(A54 = "", "", COUNTIFS('Game Record'!G:G, A54, 'Game Record'!E:E, C54)) | E54: =IF(A54 = "", "", COUNTIFS('Game Record'!H:H, A54, 'Game Record'!E:E, C54)) | F54: =SUMIFS(INDIRECT("Game Record!B2:B1000"), INDIRECT("Game Record!A2:A1000"), A54, INDIRECT("Game Record!E2:E1000"), C54) + SUMIFS(INDIRECT("Game Record!D2:D1000"), INDIRECT("Game Record!C2:C1000"), A54, INDIRECT("Game Record!E2:E1000"), C54) -> 0 | G54: =IF(A54 = "", "", COUNTIF('Game Record'!G:G, A54)) | H54: =IF(A54 = "", "", COUNTIF('Game Record'!H:H, A54)) | I54: =IFERROR(__xludf.DUMMYFUNCTION("SUM(FILTER(TeamARecordSet, INDEX(TeamARecordSet, 0, 1) = A54)) + SUM(FILTER(TeamBRecordSet, INDEX(TeamBRecordSet, 0, 1) = A54))"),0.0) -> 0 | J54: =IFERROR( (SUMIFS(INDIRECT("Game Record!B2:B1000"), INDIRECT("Game Record!A2:A1000"), $A54, INDIRECT("Game Record!E2:E1000"), $C54) + SUMIFS(INDIRECT("Game Record!D2:D1000"), INDIRECT("Game Record!C2:C1000"), $A54, INDIRECT("Game Record!E2:E1000"), $C54)) / (COUNTIFS(INDIRECT("Game Record!A2:A1000"), $A54, INDIRECT("Game Record!E2:E1000"), $C54) + COUNTIFS(INDIRECT("Game Record!C2:C1000"), $A54, INDIRECT("Game Record!E2:E1000"), $C54)), 0) -> 0 | K54: =IFERROR(I54/(G54+H54))
D55: =IF(A55 = "", "", COUNTIFS('Game Record'!G:G, A55, 'Game Record'!E:E, C55)) | E55: =IF(A55 = "", "", COUNTIFS('Game Record'!H:H, A55, 'Game Record'!E:E, C55)) | F55: =SUMIFS(INDIRECT("Game Record!B2:B1000"), INDIRECT("Game Record!A2:A1000"), A55, INDIRECT("Game Record!E2:E1000"), C55) + SUMIFS(INDIRECT("Game Record!D2:D1000"), INDIRECT("Game Record!C2:C1000"), A55, INDIRECT("Game Record!E2:E1000"), C55) -> 0 | G55: =IF(A55 = "", "", COUNTIF('Game Record'!G:G, A55)) | H55: =IF(A55 = "", "", COUNTIF('Game Record'!H:H, A55)) | I55: =IFERROR(__xludf.DUMMYFUNCTION("SUM(FILTER(TeamARecordSet, INDEX(TeamARecordSet, 0, 1) = A55)) + SUM(FILTER(TeamBRecordSet, INDEX(TeamBRecordSet, 0, 1) = A55))"),0.0) -> 0 | J55: =IFERROR( (SUMIFS(INDIRECT("Game Record!B2:B1000"), INDIRECT("Game Record!A2:A1000"), $A55, INDIRECT("Game Record!E2:E1000"), $C55) + SUMIFS(INDIRECT("Game Record!D2:D1000"), INDIRECT("Game Record!C2:C1000"), $A55, INDIRECT("Game Record!E2:E1000"), $C55)) / (COUNTIFS(INDIRECT("Game Record!A2:A1000"), $A55, INDIRECT("Game Record!E2:E1000"), $C55) + COUNTIFS(INDIRECT("Game Record!C2:C1000"), $A55, INDIRECT("Game Record!E2:E1000"), $C55)), 0) -> 0 | K55: =IFERROR(I55/(G55+H55))
D56: =IF(A56 = "", "", COUNTIFS('Game Record'!G:G, A56, 'Game Record'!E:E, C56)) | E56: =IF(A56 = "", "", COUNTIFS('Game Record'!H:H, A56, 'Game Record'!E:E, C56)) | F56: =SUMIFS(INDIRECT("Game Record!B2:B1000"), INDIRECT("Game Record!A2:A1000"), A56, INDIRECT("Game Record!E2:E1000"), C56) + SUMIFS(INDIRECT("Game Record!D2:D1000"), INDIRECT("Game Record!C2:C1000"), A56, INDIRECT("Game Record!E2:E1000"), C56) -> 0 | G56: =IF(A56 = "", "", COUNTIF('Game Record'!G:G, A56)) | H56: =IF(A56 = "", "", COUNTIF('Game Record'!H:H, A56)) | I56: =IFERROR(__xludf.DUMMYFUNCTION("SUM(FILTER(TeamARecordSet, INDEX(TeamARecordSet, 0, 1) = A56)) + SUM(FILTER(TeamBRecordSet, INDEX(TeamBRecordSet, 0, 1) = A56))"),0.0) -> 0 | J56: =IFERROR( (SUMIFS(INDIRECT("Game Record!B2:B1000"), INDIRECT("Game Record!A2:A1000"), $A56, INDIRECT("Game Record!E2:E1000"), $C56) + SUMIFS(INDIRECT("Game Record!D2:D1000"), INDIRECT("Game Record!C2:C1000"), $A56, INDIRECT("Game Record!E2:E1000"), $C56)) / (COUNTIFS(INDIRECT("Game Record!A2:A1000"), $A56, INDIRECT("Game Record!E2:E1000"), $C56) + COUNTIFS(INDIRECT("Game Record!C2:C1000"), $A56, INDIRECT("Game Record!E2:E1000"), $C56)), 0) -> 0 | K56: =IFERROR(I56/(G56+H56))
D57: =IF(A57 = "", "", COUNTIFS('Game Record'!G:G, A57, 'Game Record'!E:E, C57)) | E57: =IF(A57 = "", "", COUNTIFS('Game Record'!H:H, A57, 'Game Record'!E:E, C57)) | F57: =SUMIFS(INDIRECT("Game Record!B2:B1000"), INDIRECT("Game Record!A2:A1000"), A57, INDIRECT("Game Record!E2:E1000"), C57) + SUMIFS(INDIRECT("Game Record!D2:D1000"), INDIRECT("Game Record!C2:C1000"), A57, INDIRECT("Game Record!E2:E1000"), C57) -> 0 | G57: =IF(A57 = "", "", COUNTIF('Game Record'!G:G, A57)) | H57: =IF(A57 = "", "", COUNTIF('Game Record'!H:H, A57)) | I57: =IFERROR(__xludf.DUMMYFUNCTION("SUM(FILTER(TeamARecordSet, INDEX(TeamARecordSet, 0, 1) = A57)) + SUM(FILTER(TeamBRecordSet, INDEX(TeamBRecordSet, 0, 1) = A57))"),0.0) -> 0 | J57: =IFERROR( (SUMIFS(INDIRECT("Game Record!B2:B1000"), INDIRECT("Game Record!A2:A1000"), $A57, INDIRECT("Game Record!E2:E1000"), $C57) + SUMIFS(INDIRECT("Game Record!D2:D1000"), INDIRECT("Game Record!C2:C1000"), $A57, INDIRECT("Game Record!E2:E1000"), $C57)) / (COUNTIFS(INDIRECT("Game Record!A2:A1000"), $A57, INDIRECT("Game Record!E2:E1000"), $C57) + COUNTIFS(INDIRECT("Game Record!C2:C1000"), $A57, INDIRECT("Game Record!E2:E1000"), $C57)), 0) -> 0 | K57: =IFERROR(I57/(G57+H57))
D58: =IF(A58 = "", "", COUNTIFS('Game Record'!G:G, A58, 'Game Record'!E:E, C58)) | E58: =IF(A58 = "", "", COUNTIFS('Game Record'!H:H, A58, 'Game Record'!E:E, C58)) | F58: =SUMIFS(INDIRECT("Game Record!B2:B1000"), INDIRECT("Game Record!A2:A1000"), A58, INDIRECT("Game Record!E2:E1000"), C58) + SUMIFS(INDIRECT("Game Record!D2:D1000"), INDIRECT("Game Record!C2:C1000"), A58, INDIRECT("Game Record!E2:E1000"), C58) -> 0 | G58: =IF(A58 = "", "", COUNTIF('Game Record'!G:G, A58)) | H58: =IF(A58 = "", "", COUNTIF('Game Record'!H:H, A58)) | I58: =IFERROR(__xludf.DUMMYFUNCTION("SUM(FILTER(TeamARecordSet, INDEX(TeamARecordSet, 0, 1) = A58)) + SUM(FILTER(TeamBRecordSet, INDEX(TeamBRecordSet, 0, 1) = A58))"),0.0) -> 0 | J58: =IFERROR( (SUMIFS(INDIRECT("Game Record!B2:B1000"), INDIRECT("Game Record!A2:A1000"), $A58, INDIRECT("Game Record!E2:E1000"), $C58) + SUMIFS(INDIRECT("Game Record!D2:D1000"), INDIRECT("Game Record!C2:C1000"), $A58, INDIRECT("Game Record!E2:E1000"), $C58)) / (COUNTIFS(INDIRECT("Game Record!A2:A1000"), $A58, INDIRECT("Game Record!E2:E1000"), $C58) + COUNTIFS(INDIRECT("Game Record!C2:C1000"), $A58, INDIRECT("Game Record!E2:E1000"), $C58)), 0) -> 0 | K58: =IFERROR(I58/(G58+H58))
D59: =IF(A59 = "", "", COUNTIFS('Game Record'!G:G, A59, 'Game Record'!E:E, C59)) | E59: =IF(A59 = "", "", COUNTIFS('Game Record'!H:H, A59, 'Game Record'!E:E, C59)) | F59: =SUMIFS(INDIRECT("Game Record!B2:B1000"), INDIRECT("Game Record!A2:A1000"), A59, INDIRECT("Game Record!E2:E1000"), C59) + SUMIFS(INDIRECT("Game Record!D2:D1000"), INDIRECT("Game Record!C2:C1000"), A59, INDIRECT("Game Record!E2:E1000"), C59) -> 0 | G59: =IF(A59 = "", "", COUNTIF('Game Record'!G:G, A59)) | H59: =IF(A59 = "", "", COUNTIF('Game Record'!H:H, A59)) | I59: =IFERROR(__xludf.DUMMYFUNCTION("SUM(FILTER(TeamARecordSet, INDEX(TeamARecordSet, 0, 1) = A59)) + SUM(FILTER(TeamBRecordSet, INDEX(TeamBRecordSet, 0, 1) = A59))"),0.0) -> 0 | J59: =IFERROR( (SUMIFS(INDIRECT("Game Record!B2:B1000"), INDIRECT("Game Record!A2:A1000"), $A59, INDIRECT("Game Record!E2:E1000"), $C59) + SUMIFS(INDIRECT("Game Record!D2:D1000"), INDIRECT("Game Record!C2:C1000"), $A59, INDIRECT("Game Record!E2:E1000"), $C59)) / (COUNTIFS(INDIRECT("Game Record!A2:A1000"), $A59, INDIRECT("Game Record!E2:E1000"), $C59) + COUNTIFS(INDIRECT("Game Record!C2:C1000"), $A59, INDIRECT("Game Record!E2:E1000"), $C59)), 0) -> 0 | K59: =IFERROR(I59/(G59+H59))
D60: =IF(A60 = "", "", COUNTIFS('Game Record'!G:G, A60, 'Game Record'!E:E, C60)) | E60: =IF(A60 = "", "", COUNTIFS('Game Record'!H:H, A60, 'Game Record'!E:E, C60)) | F60: =SUMIFS(INDIRECT("Game Record!B2:B1000"), INDIRECT("Game Record!A2:A1000"), A60, INDIRECT("Game Record!E2:E1000"), C60) + SUMIFS(INDIRECT("Game Record!D2:D1000"), INDIRECT("Game Record!C2:C1000"), A60, INDIRECT("Game Record!E2:E1000"), C60) -> 0 | G60: =IF(A60 = "", "", COUNTIF('Game Record'!G:G, A60)) | H60: =IF(A60 = "", "", COUNTIF('Game Record'!H:H, A60)) | I60: =IFERROR(__xludf.DUMMYFUNCTION("SUM(FILTER(TeamARecordSet, INDEX(TeamARecordSet, 0, 1) = A60)) + SUM(FILTER(TeamBRecordSet, INDEX(TeamBRecordSet, 0, 1) = A60))"),0.0) -> 0 | J60: =IFERROR( (SUMIFS(INDIRECT("Game Record!B2:B1000"), INDIRECT("Game Record!A2:A1000"), $A60, INDIRECT("Game Record!E2:E1000"), $C60) + SUMIFS(INDIRECT("Game Record!D2:D1000"), INDIRECT("Game Record!C2:C1000"), $A60, INDIRECT("Game Record!E2:E1000"), $C60)) / (COUNTIFS(INDIRECT("Game Record!A2:A1000"), $A60, INDIRECT("Game Record!E2:E1000"), $C60) + COUNTIFS(INDIRECT("Game Record!C2:C1000"), $A60, INDIRECT("Game Record!E2:E1000"), $C60)), 0) -> 0 | K60: =IFERROR(I60/(G60+H60))
D61: =IF(A61 = "", "", COUNTIFS('Game Record'!G:G, A61, 'Game Record'!E:E, C61)) | E61: =IF(A61 = "", "", COUNTIFS('Game Record'!H:H, A61, 'Game Record'!E:E, C61)) | F61: =SUMIFS(INDIRECT("Game Record!B2:B1000"), INDIRECT("Game Record!A2:A1000"), A61, INDIRECT("Game Record!E2:E1000"), C61) + SUMIFS(INDIRECT("Game Record!D2:D1000"), INDIRECT("Game Record!C2:C1000"), A61, INDIRECT("Game Record!E2:E1000"), C61) -> 0 | G61: =IF(A61 = "", "", COUNTIF('Game Record'!G:G, A61)) | H61: =IF(A61 = "", "", COUNTIF('Game Record'!H:H, A61)) | I61: =IFERROR(__xludf.DUMMYFUNCTION("SUM(FILTER(TeamARecordSet, INDEX(TeamARecordSet, 0, 1) = A61)) + SUM(FILTER(TeamBRecordSet, INDEX(TeamBRecordSet, 0, 1) = A61))"),0.0) -> 0 | J61: =IFERROR( (SUMIFS(INDIRECT("Game Record!B2:B1000"), INDIRECT("Game Record!A2:A1000"), $A61, INDIRECT("Game Record!E2:E1000"), $C61) + SUMIFS(INDIRECT("Game Record!D2:D1000"), INDIRECT("Game Record!C2:C1000"), $A61, INDIRECT("Game Record!E2:E1000"), $C61)) / (COUNTIFS(INDIRECT("Game Record!A2:A1000"), $A61, INDIRECT("Game Record!E2:E1000"), $C61) + COUNTIFS(INDIRECT("Game Record!C2:C1000"), $A61, INDIRECT("Game Record!E2:E1000"), $C61)), 0) -> 0 | K61: =IFERROR(I61/(G61+H61))
D62: =IF(A62 = "", "", COUNTIFS('Game Record'!G:G, A62, 'Game Record'!E:E, C62)) | E62: =IF(A62 = "", "", COUNTIFS('Game Record'!H:H, A62, 'Game Record'!E:E, C62)) | F62: =SUMIFS(INDIRECT("Game Record!B2:B1000"), INDIRECT("Game Record!A2:A1000"), A62, INDIRECT("Game Record!E2:E1000"), C62) + SUMIFS(INDIRECT("Game Record!D2:D1000"), INDIRECT("Game Record!C2:C1000"), A62, INDIRECT("Game Record!E2:E1000"), C62) -> 0 | G62: =IF(A62 = "", "", COUNTIF('Game Record'!G:G, A62)) | H62: =IF(A62 = "", "", COUNTIF('Game Record'!H:H, A62)) | I62: =IFERROR(__xludf.DUMMYFUNCTION("SUM(FILTER(TeamARecordSet, INDEX(TeamARecordSet, 0, 1) = A62)) + SUM(FILTER(TeamBRecordSet, INDEX(TeamBRecordSet, 0, 1) = A62))"),0.0) -> 0 | J62: =IFERROR( (SUMIFS(INDIRECT("Game Record!B2:B1000"), INDIRECT("Game Record!A2:A1000"), $A62, INDIRECT("Game Record!E2:E1000"), $C62) + SUMIFS(INDIRECT("Game Record!D2:D1000"), INDIRECT("Game Record!C2:C1000"), $A62, INDIRECT("Game Record!E2:E1000"), $C62)) / (COUNTIFS(INDIRECT("Game Record!A2:A1000"), $A62, INDIRECT("Game Record!E2:E1000"), $C62) + COUNTIFS(INDIRECT("Game Record!C2:C1000"), $A62, INDIRECT("Game Record!E2:E1000"), $C62)), 0) -> 0 | K62: =IFERROR(I62/(G62+H62))
D63: =IF(A63 = "", "", COUNTIFS('Game Record'!G:G, A63, 'Game Record'!E:E, C63)) | E63: =IF(A63 = "", "", COUNTIFS('Game Record'!H:H, A63, 'Game Record'!E:E, C63)) | F63: =SUMIFS(INDIRECT("Game Record!B2:B1000"), INDIRECT("Game Record!A2:A1000"), A63, INDIRECT("Game Record!E2:E1000"), C63) + SUMIFS(INDIRECT("Game Record!D2:D1000"), INDIRECT("Game Record!C2:C1000"), A63, INDIRECT("Game Record!E2:E1000"), C63) -> 0 | G63: =IF(A63 = "", "", COUNTIF('Game Record'!G:G, A63)) | H63: =IF(A63 = "", "", COUNTIF('Game Record'!H:H, A63)) | I63: =IFERROR(__xludf.DUMMYFUNCTION("SUM(FILTER(TeamARecordSet, INDEX(TeamARecordSet, 0, 1) = A63)) + SUM(FILTER(TeamBRecordSet, INDEX(TeamBRecordSet, 0, 1) = A63))"),0.0) -> 0 | J63: =IFERROR( (SUMIFS(INDIRECT("Game Record!B2:B1000"), INDIRECT("Game Record!A2:A1000"), $A63, INDIRECT("Game Record!E2:E1000"), $C63) + SUMIFS(INDIRECT("Game Record!D2:D1000"), INDIRECT("Game Record!C2:C1000"), $A63, INDIRECT("Game Record!E2:E1000"), $C63)) / (COUNTIFS(INDIRECT("Game Record!A2:A1000"), $A63, INDIRECT("Game Record!E2:E1000"), $C63) + COUNTIFS(INDIRECT("Game Record!C2:C1000"), $A63, INDIRECT("Game Record!E2:E1000"), $C63)), 0) -> 0 | K63: =IFERROR(I63/(G63+H63))
D64: =IF(A64 = "", "", COUNTIFS('Game Record'!G:G, A64, 'Game Record'!E:E, C64)) | E64: =IF(A64 = "", "", COUNTIFS('Game Record'!H:H, A64, 'Game Record'!E:E, C64)) | F64: =SUMIFS(INDIRECT("Game Record!B2:B1000"), INDIRECT("Game Record!A2:A1000"), A64, INDIRECT("Game Record!E2:E1000"), C64) + SUMIFS(INDIRECT("Game Record!D2:D1000"), INDIRECT("Game Record!C2:C1000"), A64, INDIRECT("Game Record!E2:E1000"), C64) -> 0 | G64: =IF(A64 = "", "", COUNTIF('Game Record'!G:G, A64)) | H64: =IF(A64 = "", "", COUNTIF('Game Record'!H:H, A64)) | I64: =IFERROR(__xludf.DUMMYFUNCTION("SUM(FILTER(TeamARecordSet, INDEX(TeamARecordSet, 0, 1) = A64)) + SUM(FILTER(TeamBRecordSet, INDEX(TeamBRecordSet, 0, 1) = A64))"),0.0) -> 0 | J64: =IFERROR( (SUMIFS(INDIRECT("Game Record!B2:B1000"), INDIRECT("Game Record!A2:A1000"), $A64, INDIRECT("Game Record!E2:E1000"), $C64) + SUMIFS(INDIRECT("Game Record!D2:D1000"), INDIRECT("Game Record!C2:C1000"), $A64, INDIRECT("Game Record!E2:E1000"), $C64)) / (COUNTIFS(INDIRECT("Game Record!A2:A1000"), $A64, INDIRECT("Game Record!E2:E1000"), $C64) + COUNTIFS(INDIRECT("Game Record!C2:C1000"), $A64, INDIRECT("Game Record!E2:E1000"), $C64)), 0) -> 0 | K64: =IFERROR(I64/(G64+H64))
D65: =IF(A65 = "", "", COUNTIFS('Game Record'!G:G, A65, 'Game Record'!E:E, C65)) | E65: =IF(A65 = "", "", COUNTIFS('Game Record'!H:H, A65, 'Game Record'!E:E, C65)) | F65: =SUMIFS(INDIRECT("Game Record!B2:B1000"), INDIRECT("Game Record!A2:A1000"), A65, INDIRECT("Game Record!E2:E1000"), C65) + SUMIFS(INDIRECT("Game Record!D2:D1000"), INDIRECT("Game Record!C2:C1000"), A65, INDIRECT("Game Record!E2:E1000"), C65) -> 0 | G65: =IF(A65 = "", "", COUNTIF('Game Record'!G:G, A65)) | H65: =IF(A65 = "", "", COUNTIF('Game Record'!H:H, A65)) | I65: =IFERROR(__xludf.DUMMYFUNCTION("SUM(FILTER(TeamARecordSet, INDEX(TeamARecordSet, 0, 1) = A65)) + SUM(FILTER(TeamBRecordSet, INDEX(TeamBRecordSet, 0, 1) = A65))"),0.0) -> 0 | J65: =IFERROR( (SUMIFS(INDIRECT("Game Record!B2:B1000"), INDIRECT("Game Record!A2:A1000"), $A65, INDIRECT("Game Record!E2:E1000"), $C65) + SUMIFS(INDIRECT("Game Record!D2:D1000"), INDIRECT("Game Record!C2:C1000"), $A65, INDIRECT("Game Record!E2:E1000"), $C65)) / (COUNTIFS(INDIRECT("Game Record!A2:A1000"), $A65, INDIRECT("Game Record!E2:E1000"), $C65) + COUNTIFS(INDIRECT("Game Record!C2:C1000"), $A65, INDIRECT("Game Record!E2:E1000"), $C65)), 0) -> 0 | K65: =IFERROR(I65/(G65+H65))
D66: =IF(A66 = "", "", COUNTIFS('Game Record'!G:G, A66, 'Game Record'!E:E, C66)) | E66: =IF(A66 = "", "", COUNTIFS('Game Record'!H:H, A66, 'Game Record'!E:E, C66)) | F66: =SUMIFS(INDIRECT("Game Record!B2:B1000"), INDIRECT("Game Record!A2:A1000"), A66, INDIRECT("Game Record!E2:E1000"), C66) + SUMIFS(INDIRECT("Game Record!D2:D1000"), INDIRECT("Game Record!C2:C1000"), A66, INDIRECT("Game Record!E2:E1000"), C66) -> 0 | G66: =IF(A66 = "", "", COUNTIF('Game Record'!G:G, A66)) | H66: =IF(A66 = "", "", COUNTIF('Game Record'!H:H, A66)) | I66: =IFERROR(__xludf.DUMMYFUNCTION("SUM(FILTER(TeamARecordSet, INDEX(TeamARecordSet, 0, 1) = A66)) + SUM(FILTER(TeamBRecordSet, INDEX(TeamBRecordSet, 0, 1) = A66))"),0.0) -> 0 | J66: =IFERROR( (SUMIFS(INDIRECT("Game Record!B2:B1000"), INDIRECT("Game Record!A2:A1000"), $A66, INDIRECT("Game Record!E2:E1000"), $C66) + SUMIFS(INDIRECT("Game Record!D2:D1000"), INDIRECT("Game Record!C2:C1000"), $A66, INDIRECT("Game Record!E2:E1000"), $C66)) / (COUNTIFS(INDIRECT("Game Record!A2:A1000"), $A66, INDIRECT("Game Record!E2:E1000"), $C66) + COUNTIFS(INDIRECT("Game Record!C2:C1000"), $A66, INDIRECT("Game Record!E2:E1000"), $C66)), 0) -> 0 | K66: =IFERROR(I66/(G66+H66))
D67: =IF(A67 = "", "", COUNTIFS('Game Record'!G:G, A67, 'Game Record'!E:E, C67)) | E67: =IF(A67 = "", "", COUNTIFS('Game Record'!H:H, A67, 'Game Record'!E:E, C67)) | F67: =SUMIFS(INDIRECT("Game Record!B2:B1000"), INDIRECT("Game Record!A2:A1000"), A67, INDIRECT("Game Record!E2:E1000"), C67) + SUMIFS(INDIRECT("Game Record!D2:D1000"), INDIRECT("Game Record!C2:C1000"), A67, INDIRECT("Game Record!E2:E1000"), C67) -> 0 | G67: =IF(A67 = "", "", COUNTIF('Game Record'!G:G, A67)) | H67: =IF(A67 = "", "", COUNTIF('Game Record'!H:H, A67)) | I67: =IFERROR(__xludf.DUMMYFUNCTION("SUM(FILTER(TeamARecordSet, INDEX(TeamARecordSet, 0, 1) = A67)) + SUM(FILTER(TeamBRecordSet, INDEX(TeamBRecordSet, 0, 1) = A67))"),0.0) -> 0 | J67: =IFERROR( (SUMIFS(INDIRECT("Game Record!B2:B1000"), INDIRECT("Game Record!A2:A1000"), $A67, INDIRECT("Game Record!E2:E1000"), $C67) + SUMIFS(INDIRECT("Game Record!D2:D1000"), INDIRECT("Game Record!C2:C1000"), $A67, INDIRECT("Game Record!E2:E1000"), $C67)) / (COUNTIFS(INDIRECT("Game Record!A2:A1000"), $A67, INDIRECT("Game Record!E2:E1000"), $C67) + COUNTIFS(INDIRECT("Game Record!C2:C1000"), $A67, INDIRECT("Game Record!E2:E1000"), $C67)), 0) -> 0 | K67: =IFERROR(I67/(G67+H67))
D68: =IF(A68 = "", "", COUNTIFS('Game Record'!G:G, A68, 'Game Record'!E:E, C68)) | E68: =IF(A68 = "", "", COUNTIFS('Game Record'!H:H, A68, 'Game Record'!E:E, C68)) | F68: =SUMIFS(INDIRECT("Game Record!B2:B1000"), INDIRECT("Game Record!A2:A1000"), A68, INDIRECT("Game Record!E2:E1000"), C68) + SUMIFS(INDIRECT("Game Record!D2:D1000"), INDIRECT("Game Record!C2:C1000"), A68, INDIRECT("Game Record!E2:E1000"), C68) -> 0 | G68: =IF(A68 = "", "", COUNTIF('Game Record'!G:G, A68)) | H68: =IF(A68 = "", "", COUNTIF('Game Record'!H:H, A68)) | I68: =IFERROR(__xludf.DUMMYFUNCTION("SUM(FILTER(TeamARecordSet, INDEX(TeamARecordSet, 0, 1) = A68)) + SUM(FILTER(TeamBRecordSet, INDEX(TeamBRecordSet, 0, 1) = A68))"),0.0) -> 0 | J68: =IFERROR( (SUMIFS(INDIRECT("Game Record!B2:B1000"), INDIRECT("Game Record!A2:A1000"), $A68, INDIRECT("Game Record!E2:E1000"), $C68) + SUMIFS(INDIRECT("Game Record!D2:D1000"), INDIRECT("Game Record!C2:C1000"), $A68, INDIRECT("Game Record!E2:E1000"), $C68)) / (COUNTIFS(INDIRECT("Game Record!A2:A1000"), $A68, INDIRECT("Game Record!E2:E1000"), $C68) + COUNTIFS(INDIRECT("Game Record!C2:C1000"), $A68, INDIRECT("Game Record!E2:E1000"), $C68)), 0) -> 0 | K68: =IFERROR(I68/(G68+H68))
D69: =IF(A69 = "", "", COUNTIFS('Game Record'!G:G, A69, 'Game Record'!E:E, C69)) | E69: =IF(A69 = "", "", COUNTIFS('Game Record'!H:H, A69, 'Game Record'!E:E, C69)) | F69: =SUMIFS(INDIRECT("Game Record!B2:B1000"), INDIRECT("Game Record!A2:A1000"), A69, INDIRECT("Game Record!E2:E1000"), C69) + SUMIFS(INDIRECT("Game Record!D2:D1000"), INDIRECT("Game Record!C2:C1000"), A69, INDIRECT("Game Record!E2:E1000"), C69) -> 0 | G69: =IF(A69 = "", "", COUNTIF('Game Record'!G:G, A69)) | H69: =IF(A69 = "", "", COUNTIF('Game Record'!H:H, A69)) | I69: =IFERROR(__xludf.DUMMYFUNCTION("SUM(FILTER(TeamARecordSet, INDEX(TeamARecordSet, 0, 1) = A69)) + SUM(FILTER(TeamBRecordSet, INDEX(TeamBRecordSet, 0, 1) = A69))"),0.0) -> 0 | J69: =IFERROR( (SUMIFS(INDIRECT("Game Record!B2:B1000"), INDIRECT("Game Record!A2:A1000"), $A69, INDIRECT("Game Record!E2:E1000"), $C69) + SUMIFS(INDIRECT("Game Record!D2:D1000"), INDIRECT("Game Record!C2:C1000"), $A69, INDIRECT("Game Record!E2:E1000"), $C69)) / (COUNTIFS(INDIRECT("Game Record!A2:A1000"), $A69, INDIRECT("Game Record!E2:E1000"), $C69) + COUNTIFS(INDIRECT("Game Record!C2:C1000"), $A69, INDIRECT("Game Record!E2:E1000"), $C69)), 0) -> 0 | K69: =IFERROR(I69/(G69+H69))
D70: =IF(A70 = "", "", COUNTIFS('Game Record'!G:G, A70, 'Game Record'!E:E, C70)) | E70: =IF(A70 = "", "", COUNTIFS('Game Record'!H:H, A70, 'Game Record'!E:E, C70)) | F70: =SUMIFS(INDIRECT("Game Record!B2:B1000"), INDIRECT("Game Record!A2:A1000"), A70, INDIRECT("Game Record!E2:E1000"), C70) + SUMIFS(INDIRECT("Game Record!D2:D1000"), INDIRECT("Game Record!C2:C1000"), A70, INDIRECT("Game Record!E2:E1000"), C70) -> 0 | G70: =IF(A70 = "", "", COUNTIF('Game Record'!G:G, A70)) | H70: =IF(A70 = "", "", COUNTIF('Game Record'!H:H, A70)) | I70: =IFERROR(__xludf.DUMMYFUNCTION("SUM(FILTER(TeamARecordSet, INDEX(TeamARecordSet, 0, 1) = A70)) + SUM(FILTER(TeamBRecordSet, INDEX(TeamBRecordSet, 0, 1) = A70))"),0.0) -> 0 | J70: =IFERROR( (SUMIFS(INDIRECT("Game Record!B2:B1000"), INDIRECT("Game Record!A2:A1000"), $A70, INDIRECT("Game Record!E2:E1000"), $C70) + SUMIFS(INDIRECT("Game Record!D2:D1000"), INDIRECT("Game Record!C2:C1000"), $A70, INDIRECT("Game Record!E2:E1000"), $C70)) / (COUNTIFS(INDIRECT("Game Record!A2:A1000"), $A70, INDIRECT("Game Record!E2:E1000"), $C70) + COUNTIFS(INDIRECT("Game Record!C2:C1000"), $A70, INDIRECT("Game Record!E2:E1000"), $C70)), 0) -> 0 | K70: =IFERROR(I70/(G70+H70))
D71: =IF(A71 = "", "", COUNTIFS('Game Record'!G:G, A71, 'Game Record'!E:E, C71)) | E71: =IF(A71 = "", "", COUNTIFS('Game Record'!H:H, A71, 'Game Record'!E:E, C71)) | F71: =SUMIFS(INDIRECT("Game Record!B2:B1000"), INDIRECT("Game Record!A2:A1000"), A71, INDIRECT("Game Record!E2:E1000"), C71) + SUMIFS(INDIRECT("Game Record!D2:D1000"), INDIRECT("Game Record!C2:C1000"), A71, INDIRECT("Game Record!E2:E1000"), C71) -> 0 | G71: =IF(A71 = "", "", COUNTIF('Game Record'!G:G, A71)) | H71: =IF(A71 = "", "", COUNTIF('Game Record'!H:H, A71)) | I71: =IFERROR(__xludf.DUMMYFUNCTION("SUM(FILTER(TeamARecordSet, INDEX(TeamARecordSet, 0, 1) = A71)) + SUM(FILTER(TeamBRecordSet, INDEX(TeamBRecordSet, 0, 1) = A71))"),0.0) -> 0 | J71: =IFERROR( (SUMIFS(INDIRECT("Game Record!B2:B1000"), INDIRECT("Game Record!A2:A1000"), $A71, INDIRECT("Game Record!E2:E1000"), $C71) + SUMIFS(INDIRECT("Game Record!D2:D1000"), INDIRECT("Game Record!C2:C1000"), $A71, INDIRECT("Game Record!E2:E1000"), $C71)) / (COUNTIFS(INDIRECT("Game Record!A2:A1000"), $A71, INDIRECT("Game Record!E2:E1000"), $C71) + COUNTIFS(INDIRECT("Game Record!C2:C1000"), $A71, INDIRECT("Game Record!E2:E1000"), $C71)), 0) -> 0 | K71: =IFERROR(I71/(G71+H71))
D72: =IF(A72 = "", "", COUNTIFS('Game Record'!G:G, A72, 'Game Record'!E:E, C72)) | E72: =IF(A72 = "", "", COUNTIFS('Game Record'!H:H, A72, 'Game Record'!E:E, C72)) | F72: =SUMIFS(INDIRECT("Game Record!B2:B1000"), INDIRECT("Game Record!A2:A1000"), A72, INDIRECT("Game Record!E2:E1000"), C72) + SUMIFS(INDIRECT("Game Record!D2:D1000"), INDIRECT("Game Record!C2:C1000"), A72, INDIRECT("Game Record!E2:E1000"), C72) -> 0 | G72: =IF(A72 = "", "", COUNTIF('Game Record'!G:G, A72)) | H72: =IF(A72 = "", "", COUNTIF('Game Record'!H:H, A72)) | I72: =IFERROR(__xludf.DUMMYFUNCTION("SUM(FILTER(TeamARecordSet, INDEX(TeamARecordSet, 0, 1) = A72)) + SUM(FILTER(TeamBRecordSet, INDEX(TeamBRecordSet, 0, 1) = A72))"),0.0) -> 0 | J72: =IFERROR( (SUMIFS(INDIRECT("Game Record!B2:B1000"), INDIRECT("Game Record!A2:A1000"), $A72, INDIRECT("Game Record!E2:E1000"), $C72) + SUMIFS(INDIRECT("Game Record!D2:D1000"), INDIRECT("Game Record!C2:C1000"), $A72, INDIRECT("Game Record!E2:E1000"), $C72)) / (COUNTIFS(INDIRECT("Game Record!A2:A1000"), $A72, INDIRECT("Game Record!E2:E1000"), $C72) + COUNTIFS(INDIRECT("Game Record!C2:C1000"), $A72, INDIRECT("Game Record!E2:E1000"), $C72)), 0) -> 0 | K72: =IFERROR(I72/(G72+H72))
D73: =IF(A73 = "", "", COUNTIFS('Game Record'!G:G, A73, 'Game Record'!E:E, C73)) | E73: =IF(A73 = "", "", COUNTIFS('Game Record'!H:H, A73, 'Game Record'!E:E, C73)) | F73: =SUMIFS(INDIRECT("Game Record!B2:B1000"), INDIRECT("Game Record!A2:A1000"), A73, INDIRECT("Game Record!E2:E1000"), C73) + SUMIFS(INDIRECT("Game Record!D2:D1000"), INDIRECT("Game Record!C2:C1000"), A73, INDIRECT("Game Record!E2:E1000"), C73) -> 0 | G73: =IF(A73 = "", "", COUNTIF('Game Record'!G:G, A73)) | H73: =IF(A73 = "", "", COUNTIF('Game Record'!H:H, A73)) | I73: =IFERROR(__xludf.DUMMYFUNCTION("SUM(FILTER(TeamARecordSet, INDEX(TeamARecordSet, 0, 1) = A73)) + SUM(FILTER(TeamBRecordSet, INDEX(TeamBRecordSet, 0, 1) = A73))"),0.0) -> 0 | J73: =IFERROR( (SUMIFS(INDIRECT("Game Record!B2:B1000"), INDIRECT("Game Record!A2:A1000"), $A73, INDIRECT("Game Record!E2:E1000"), $C73) + SUMIFS(INDIRECT("Game Record!D2:D1000"), INDIRECT("Game Record!C2:C1000"), $A73, INDIRECT("Game Record!E2:E1000"), $C73)) / (COUNTIFS(INDIRECT("Game Record!A2:A1000"), $A73, INDIRECT("Game Record!E2:E1000"), $C73) + COUNTIFS(INDIRECT("Game Record!C2:C1000"), $A73, INDIRECT("Game Record!E2:E1000"), $C73)), 0) -> 0 | K73: =IFERROR(I73/(G73+H73))
D74: =IF(A74 = "", "", COUNTIFS('Game Record'!G:G, A74, 'Game Record'!E:E, C74)) | E74: =IF(A74 = "", "", COUNTIFS('Game Record'!H:H, A74, 'Game Record'!E:E, C74)) | F74: =SUMIFS(INDIRECT("Game Record!B2:B1000"), INDIRECT("Game Record!A2:A1000"), A74, INDIRECT("Game Record!E2:E1000"), C74) + SUMIFS(INDIRECT("Game Record!D2:D1000"), INDIRECT("Game Record!C2:C1000"), A74, INDIRECT("Game Record!E2:E1000"), C74) -> 0 | G74: =IF(A74 = "", "", COUNTIF('Game Record'!G:G, A74)) | H74: =IF(A74 = "", "", COUNTIF('Game Record'!H:H, A74)) | I74: =IFERROR(__xludf.DUMMYFUNCTION("SUM(FILTER(TeamARecordSet, INDEX(TeamARecordSet, 0, 1) = A74)) + SUM(FILTER(TeamBRecordSet, INDEX(TeamBRecordSet, 0, 1) = A74))"),0.0) -> 0 | J74: =IFERROR( (SUMIFS(INDIRECT("Game Record!B2:B1000"), INDIRECT("Game Record!A2:A1000"), $A74, INDIRECT("Game Record!E2:E1000"), $C74) + SUMIFS(INDIRECT("Game Record!D2:D1000"), INDIRECT("Game Record!C2:C1000"), $A74, INDIRECT("Game Record!E2:E1000"), $C74)) / (COUNTIFS(INDIRECT("Game Record!A2:A1000"), $A74, INDIRECT("Game Record!E2:E1000"), $C74) + COUNTIFS(INDIRECT("Game Record!C2:C1000"), $A74, INDIRECT("Game Record!E2:E1000"), $C74)), 0) -> 0 | K74: =IFERROR(I74/(G74+H74))
D75: =IF(A75 = "", "", COUNTIFS('Game Record'!G:G, A75, 'Game Record'!E:E, C75)) | E75: =IF(A75 = "", "", COUNTIFS('Game Record'!H:H, A75, 'Game Record'!E:E, C75)) | F75: =SUMIFS(INDIRECT("Game Record!B2:B1000"), INDIRECT("Game Record!A2:A1000"), A75, INDIRECT("Game Record!E2:E1000"), C75) + SUMIFS(INDIRECT("Game Record!D2:D1000"), INDIRECT("Game Record!C2:C1000"), A75, INDIRECT("Game Record!E2:E1000"), C75) -> 0 | G75: =IF(A75 = "", "", COUNTIF('Game Record'!G:G, A75)) | H75: =IF(A75 = "", "", COUNTIF('Game Record'!H:H, A75)) | I75: =IFERROR(__xludf.DUMMYFUNCTION("SUM(FILTER(TeamARecordSet, INDEX(TeamARecordSet, 0, 1) = A75)) + SUM(FILTER(TeamBRecordSet, INDEX(TeamBRecordSet, 0, 1) = A75))"),0.0) -> 0 | J75: =IFERROR( (SUMIFS(INDIRECT("Game Record!B2:B1000"), INDIRECT("Game Record!A2:A1000"), $A75, INDIRECT("Game Record!E2:E1000"), $C75) + SUMIFS(INDIRECT("Game Record!D2:D1000"), INDIRECT("Game Record!C2:C1000"), $A75, INDIRECT("Game Record!E2:E1000"), $C75)) / (COUNTIFS(INDIRECT("Game Record!A2:A1000"), $A75, INDIRECT("Game Record!E2:E1000"), $C75) + COUNTIFS(INDIRECT("Game Record!C2:C1000"), $A75, INDIRECT("Game Record!E2:E1000"), $C75)), 0) -> 0 | K75: =IFERROR(I75/(G75+H75))
D76: =IF(A76 = "", "", COUNTIFS('Game Record'!G:G, A76, 'Game Record'!E:E, C76)) | E76: =IF(A76 = "", "", COUNTIFS('Game Record'!H:H, A76, 'Game Record'!E:E, C76)) | F76: =SUMIFS(INDIRECT("Game Record!B2:B1000"), INDIRECT("Game Record!A2:A1000"), A76, INDIRECT("Game Record!E2:E1000"), C76) + SUMIFS(INDIRECT("Game Record!D2:D1000"), INDIRECT("Game Record!C2:C1000"), A76, INDIRECT("Game Record!E2:E1000"), C76) -> 0 | G76: =IF(A76 = "", "", COUNTIF('Game Record'!G:G, A76)) | H76: =IF(A76 = "", "", COUNTIF('Game Record'!H:H, A76)) | I76: =IFERROR(__xludf.DUMMYFUNCTION("SUM(FILTER(TeamARecordSet, INDEX(TeamARecordSet, 0, 1) = A76)) + SUM(FILTER(TeamBRecordSet, INDEX(TeamBRecordSet, 0, 1) = A76))"),0.0) -> 0 | J76: =IFERROR( (SUMIFS(INDIRECT("Game Record!B2:B1000"), INDIRECT("Game Record!A2:A1000"), $A76, INDIRECT("Game Record!E2:E1000"), $C76) + SUMIFS(INDIRECT("Game Record!D2:D1000"), INDIRECT("Game Record!C2:C1000"), $A76, INDIRECT("Game Record!E2:E1000"), $C76)) / (COUNTIFS(INDIRECT("Game Record!A2:A1000"), $A76, INDIRECT("Game Record!E2:E1000"), $C76) + COUNTIFS(INDIRECT("Game Record!C2:C1000"), $A76, INDIRECT("Game Record!E2:E1000"), $C76)), 0) -> 0 | K76: =IFERROR(I76/(G76+H76))
D77: =IF(A77 = "", "", COUNTIFS('Game Record'!G:G, A77, 'Game Record'!E:E, C77)) | E77: =IF(A77 = "", "", COUNTIFS('Game Record'!H:H, A77, 'Game Record'!E:E, C77)) | F77: =SUMIFS(INDIRECT("Game Record!B2:B1000"), INDIRECT("Game Record!A2:A1000"), A77, INDIRECT("Game Record!E2:E1000"), C77) + SUMIFS(INDIRECT("Game Record!D2:D1000"), INDIRECT("Game Record!C2:C1000"), A77, INDIRECT("Game Record!E2:E1000"), C77) -> 0 | G77: =IF(A77 = "", "", COUNTIF('Game Record'!G:G, A77)) | H77: =IF(A77 = "", "", COUNTIF('Game Record'!H:H, A77)) | I77: =IFERROR(__xludf.DUMMYFUNCTION("SUM(FILTER(TeamARecordSet, INDEX(TeamARecordSet, 0, 1) = A77)) + SUM(FILTER(TeamBRecordSet, INDEX(TeamBRecordSet, 0, 1) = A77))"),0.0) -> 0 | J77: =IFERROR( (SUMIFS(INDIRECT("Game Record!B2:B1000"), INDIRECT("Game Record!A2:A1000"), $A77, INDIRECT("Game Record!E2:E1000"), $C77) + SUMIFS(INDIRECT("Game Record!D2:D1000"), INDIRECT("Game Record!C2:C1000"), $A77, INDIRECT("Game Record!E2:E1000"), $C77)) / (COUNTIFS(INDIRECT("Game Record!A2:A1000"), $A77, INDIRECT("Game Record!E2:E1000"), $C77) + COUNTIFS(INDIRECT("Game Record!C2:C1000"), $A77, INDIRECT("Game Record!E2:E1000"), $C77)), 0) -> 0 | K77: =IFERROR(I77/(G77+H77))
D78: =IF(A78 = "", "", COUNTIFS('Game Record'!G:G, A78, 'Game Record'!E:E, C78)) | E78: =IF(A78 = "", "", COUNTIFS('Game Record'!H:H, A78, 'Game Record'!E:E, C78)) | F78: =SUMIFS(INDIRECT("Game Record!B2:B1000"), INDIRECT("Game Record!A2:A1000"), A78, INDIRECT("Game Record!E2:E1000"), C78) + SUMIFS(INDIRECT("Game Record!D2:D1000"), INDIRECT("Game Record!C2:C1000"), A78, INDIRECT("Game Record!E2:E1000"), C78) -> 0 | G78: =IF(A78 = "", "", COUNTIF('Game Record'!G:G, A78)) | H78: =IF(A78 = "", "", COUNTIF('Game Record'!H:H, A78)) | I78: =IFERROR(__xludf.DUMMYFUNCTION("SUM(FILTER(TeamARecordSet, INDEX(TeamARecordSet, 0, 1) = A78)) + SUM(FILTER(TeamBRecordSet, INDEX(TeamBRecordSet, 0, 1) = A78))"),0.0) -> 0 | J78: =IFERROR( (SUMIFS(INDIRECT("Game Record!B2:B1000"), INDIRECT("Game Record!A2:A1000"), $A78, INDIRECT("Game Record!E2:E1000"), $C78) + SUMIFS(INDIRECT("Game Record!D2:D1000"), INDIRECT("Game Record!C2:C1000"), $A78, INDIRECT("Game Record!E2:E1000"), $C78)) / (COUNTIFS(INDIRECT("Game Record!A2:A1000"), $A78, INDIRECT("Game Record!E2:E1000"), $C78) + COUNTIFS(INDIRECT("Game Record!C2:C1000"), $A78, INDIRECT("Game Record!E2:E1000"), $C78)), 0) -> 0 | K78: =IFERROR(I78/(G78+H78))
D79: =IF(A79 = "", "", COUNTIFS('Game Record'!G:G, A79, 'Game Record'!E:E, C79)) | E79: =IF(A79 = "", "", COUNTIFS('Game Record'!H:H, A79, 'Game Record'!E:E, C79)) | F79: =SUMIFS(INDIRECT("Game Record!B2:B1000"), INDIRECT("Game Record!A2:A1000"), A79, INDIRECT("Game Record!E2:E1000"), C79) + SUMIFS(INDIRECT("Game Record!D2:D1000"), INDIRECT("Game Record!C2:C1000"), A79, INDIRECT("Game Record!E2:E1000"), C79) -> 0 | G79: =IF(A79 = "", "", COUNTIF('Game Record'!G:G, A79)) | H79: =IF(A79 = "", "", COUNTIF('Game Record'!H:H, A79)) | I79: =IFERROR(__xludf.DUMMYFUNCTION("SUM(FILTER(TeamARecordSet, INDEX(TeamARecordSet, 0, 1) = A79)) + SUM(FILTER(TeamBRecordSet, INDEX(TeamBRecordSet, 0, 1) = A79))"),0.0) -> 0 | J79: =IFERROR( (SUMIFS(INDIRECT("Game Record!B2:B1000"), INDIRECT("Game Record!A2:A1000"), $A79, INDIRECT("Game Record!E2:E1000"), $C79) + SUMIFS(INDIRECT("Game Record!D2:D1000"), INDIRECT("Game Record!C2:C1000"), $A79, INDIRECT("Game Record!E2:E1000"), $C79)) / (COUNTIFS(INDIRECT("Game Record!A2:A1000"), $A79, INDIRECT("Game Record!E2:E1000"), $C79) + COUNTIFS(INDIRECT("Game Record!C2:C1000"), $A79, INDIRECT("Game Record!E2:E1000"), $C79)), 0) -> 0 | K79: =IFERROR(I79/(G79+H79))
D80: =IF(A80 = "", "", COUNTIFS('Game Record'!G:G, A80, 'Game Record'!E:E, C80)) | E80: =IF(A80 = "", "", COUNTIFS('Game Record'!H:H, A80, 'Game Record'!E:E, C80)) | F80: =SUMIFS(INDIRECT("Game Record!B2:B1000"), INDIRECT("Game Record!A2:A1000"), A80, INDIRECT("Game Record!E2:E1000"), C80) + SUMIFS(INDIRECT("Game Record!D2:D1000"), INDIRECT("Game Record!C2:C1000"), A80, INDIRECT("Game Record!E2:E1000"), C80) -> 0 | G80: =IF(A80 = "", "", COUNTIF('Game Record'!G:G, A80)) | H80: =IF(A80 = "", "", COUNTIF('Game Record'!H:H, A80)) | I80: =IFERROR(__xludf.DUMMYFUNCTION("SUM(FILTER(TeamARecordSet, INDEX(TeamARecordSet, 0, 1) = A80)) + SUM(FILTER(TeamBRecordSet, INDEX(TeamBRecordSet, 0, 1) = A80))"),0.0) -> 0 | J80: =IFERROR( (SUMIFS(INDIRECT("Game Record!B2:B1000"), INDIRECT("Game Record!A2:A1000"), $A80, INDIRECT("Game Record!E2:E1000"), $C80) + SUMIFS(INDIRECT("Game Record!D2:D1000"), INDIRECT("Game Record!C2:C1000"), $A80, INDIRECT("Game Record!E2:E1000"), $C80)) / (COUNTIFS(INDIRECT("Game Record!A2:A1000"), $A80, INDIRECT("Game Record!E2:E1000"), $C80) + COUNTIFS(INDIRECT("Game Record!C2:C1000"), $A80, INDIRECT("Game Record!E2:E1000"), $C80)), 0) -> 0 | K80: =IFERROR(I80/(G80+H80))
D81: =IF(A81 = "", "", COUNTIFS('Game Record'!G:G, A81, 'Game Record'!E:E, C81)) | E81: =IF(A81 = "", "", COUNTIFS('Game Record'!H:H, A81, 'Game Record'!E:E, C81)) | F81: =SUMIFS(INDIRECT("Game Record!B2:B1000"), INDIRECT("Game Record!A2:A1000"), A81, INDIRECT("Game Record!E2:E1000"), C81) + SUMIFS(INDIRECT("Game Record!D2:D1000"), INDIRECT("Game Record!C2:C1000"), A81, INDIRECT("Game Record!E2:E1000"), C81) -> 0 | G81: =IF(A81 = "", "", COUNTIF('Game Record'!G:G, A81)) | H81: =IF(A81 = "", "", COUNTIF('Game Record'!H:H, A81)) | I81: =IFERROR(__xludf.DUMMYFUNCTION("SUM(FILTER(TeamARecordSet, INDEX(TeamARecordSet, 0, 1) = A81)) + SUM(FILTER(TeamBRecordSet, INDEX(TeamBRecordSet, 0, 1) = A81))"),0.0) -> 0 | J81: =IFERROR( (SUMIFS(INDIRECT("Game Record!B2:B1000"), INDIRECT("Game Record!A2:A1000"), $A81, INDIRECT("Game Record!E2:E1000"), $C81) + SUMIFS(INDIRECT("Game Record!D2:D1000"), INDIRECT("Game Record!C2:C1000"), $A81, INDIRECT("Game Record!E2:E1000"), $C81)) / (COUNTIFS(INDIRECT("Game Record!A2:A1000"), $A81, INDIRECT("Game Record!E2:E1000"), $C81) + COUNTIFS(INDIRECT("Game Record!C2:C1000"), $A81, INDIRECT("Game Record!E2:E1000"), $C81)), 0) -> 0 | K81: =IFERROR(I81/(G81+H81))
D82: =IF(A82 = "", "", COUNTIFS('Game Record'!G:G, A82, 'Game Record'!E:E, C82)) | E82: =IF(A82 = "", "", COUNTIFS('Game Record'!H:H, A82, 'Game Record'!E:E, C82)) | F82: =SUMIFS(INDIRECT("Game Record!B2:B1000"), INDIRECT("Game Record!A2:A1000"), A82, INDIRECT("Game Record!E2:E1000"), C82) + SUMIFS(INDIRECT("Game Record!D2:D1000"), INDIRECT("Game Record!C2:C1000"), A82, INDIRECT("Game Record!E2:E1000"), C82) -> 0 | G82: =IF(A82 = "", "", COUNTIF('Game Record'!G:G, A82)) | H82: =IF(A82 = "", "", COUNTIF('Game Record'!H:H, A82)) | I82: =IFERROR(__xludf.DUMMYFUNCTION("SUM(FILTER(TeamARecordSet, INDEX(TeamARecordSet, 0, 1) = A82)) + SUM(FILTER(TeamBRecordSet, INDEX(TeamBRecordSet, 0, 1) = A82))"),0.0) -> 0 | J82: =IFERROR( (SUMIFS(INDIRECT("Game Record!B2:B1000"), INDIRECT("Game Record!A2:A1000"), $A82, INDIRECT("Game Record!E2:E1000"), $C82) + SUMIFS(INDIRECT("Game Record!D2:D1000"), INDIRECT("Game Record!C2:C1000"), $A82, INDIRECT("Game Record!E2:E1000"), $C82)) / (COUNTIFS(INDIRECT("Game Record!A2:A1000"), $A82, INDIRECT("Game Record!E2:E1000"), $C82) + COUNTIFS(INDIRECT("Game Record!C2:C1000"), $A82, INDIRECT("Game Record!E2:E1000"), $C82)), 0) -> 0 | K82: =IFERROR(I82/(G82+H82))
D83: =IF(A83 = "", "", COUNTIFS('Game Record'!G:G, A83, 'Game Record'!E:E, C83)) | E83: =IF(A83 = "", "", COUNTIFS('Game Record'!H:H, A83, 'Game Record'!E:E, C83)) | F83: =SUMIFS(INDIRECT("Game Record!B2:B1000"), INDIRECT("Game Record!A2:A1000"), A83, INDIRECT("Game Record!E2:E1000"), C83) + SUMIFS(INDIRECT("Game Record!D2:D1000"), INDIRECT("Game Record!C2:C1000"), A83, INDIRECT("Game Record!E2:E1000"), C83) -> 0 | G83: =IF(A83 = "", "", COUNTIF('Game Record'!G:G, A83)) | H83: =IF(A83 = "", "", COUNTIF('Game Record'!H:H, A83)) | I83: =IFERROR(__xludf.DUMMYFUNCTION("SUM(FILTER(TeamARecordSet, INDEX(TeamARecordSet, 0, 1) = A83)) + SUM(FILTER(TeamBRecordSet, INDEX(TeamBRecordSet, 0, 1) = A83))"),0.0) -> 0 | J83: =IFERROR( (SUMIFS(INDIRECT("Game Record!B2:B1000"), INDIRECT("Game Record!A2:A1000"), $A83, INDIRECT("Game Record!E2:E1000"), $C83) + SUMIFS(INDIRECT("Game Record!D2:D1000"), INDIRECT("Game Record!C2:C1000"), $A83, INDIRECT("Game Record!E2:E1000"), $C83)) / (COUNTIFS(INDIRECT("Game Record!A2:A1000"), $A83, INDIRECT("Game Record!E2:E1000"), $C83) + COUNTIFS(INDIRECT("Game Record!C2:C1000"), $A83, INDIRECT("Game Record!E2:E1000"), $C83)), 0) -> 0 | K83: =IFERROR(I83/(G83+H83))
D84: =IF(A84 = "", "", COUNTIFS('Game Record'!G:G, A84, 'Game Record'!E:E, C84)) | E84: =IF(A84 = "", "", COUNTIFS('Game Record'!H:H, A84, 'Game Record'!E:E, C84)) | F84: =SUMIFS(INDIRECT("Game Record!B2:B1000"), INDIRECT("Game Record!A2:A1000"), A84, INDIRECT("Game Record!E2:E1000"), C84) + SUMIFS(INDIRECT("Game Record!D2:D1000"), INDIRECT("Game Record!C2:C1000"), A84, INDIRECT("Game Record!E2:E1000"), C84) -> 0 | G84: =IF(A84 = "", "", COUNTIF('Game Record'!G:G, A84)) | H84: =IF(A84 = "", "", COUNTIF('Game Record'!H:H, A84)) | I84: =IFERROR(__xludf.DUMMYFUNCTION("SUM(FILTER(TeamARecordSet, INDEX(TeamARecordSet, 0, 1) = A84)) + SUM(FILTER(TeamBRecordSet, INDEX(TeamBRecordSet, 0, 1) = A84))"),0.0) -> 0 | J84: =IFERROR( (SUMIFS(INDIRECT("Game Record!B2:B1000"), INDIRECT("Game Record!A2:A1000"), $A84, INDIRECT("Game Record!E2:E1000"), $C84) + SUMIFS(INDIRECT("Game Record!D2:D1000"), INDIRECT("Game Record!C2:C1000"), $A84, INDIRECT("Game Record!E2:E1000"), $C84)) / (COUNTIFS(INDIRECT("Game Record!A2:A1000"), $A84, INDIRECT("Game Record!E2:E1000"), $C84) + COUNTIFS(INDIRECT("Game Record!C2:C1000"), $A84, INDIRECT("Game Record!E2:E1000"), $C84)), 0) -> 0 | K84: =IFERROR(I84/(G84+H84))
D85: =IF(A85 = "", "", COUNTIFS('Game Record'!G:G, A85, 'Game Record'!E:E, C85)) | E85: =IF(A85 = "", "", COUNTIFS('Game Record'!H:H, A85, 'Game Record'!E:E, C85)) | F85: =SUMIFS(INDIRECT("Game Record!B2:B1000"), INDIRECT("Game Record!A2:A1000"), A85, INDIRECT("Game Record!E2:E1000"), C85) + SUMIFS(INDIRECT("Game Record!D2:D1000"), INDIRECT("Game Record!C2:C1000"), A85, INDIRECT("Game Record!E2:E1000"), C85) -> 0 | G85: =IF(A85 = "", "", COUNTIF('Game Record'!G:G, A85)) | H85: =IF(A85 = "", "", COUNTIF('Game Record'!H:H, A85)) | I85: =IFERROR(__xludf.DUMMYFUNCTION("SUM(FILTER(TeamARecordSet, INDEX(TeamARecordSet, 0, 1) = A85)) + SUM(FILTER(TeamBRecordSet, INDEX(TeamBRecordSet, 0, 1) = A85))"),0.0) -> 0 | J85: =IFERROR( (SUMIFS(INDIRECT("Game Record!B2:B1000"), INDIRECT("Game Record!A2:A1000"), $A85, INDIRECT("Game Record!E2:E1000"), $C85) + SUMIFS(INDIRECT("Game Record!D2:D1000"), INDIRECT("Game Record!C2:C1000"), $A85, INDIRECT("Game Record!E2:E1000"), $C85)) / (COUNTIFS(INDIRECT("Game Record!A2:A1000"), $A85, INDIRECT("Game Record!E2:E1000"), $C85) + COUNTIFS(INDIRECT("Game Record!C2:C1000"), $A85, INDIRECT("Game Record!E2:E1000"), $C85)), 0) -> 0 | K85: =IFERROR(I85/(G85+H85))
D86: =IF(A86 = "", "", COUNTIFS('Game Record'!G:G, A86, 'Game Record'!E:E, C86)) | E86: =IF(A86 = "", "", COUNTIFS('Game Record'!H:H, A86, 'Game Record'!E:E, C86)) | F86: =SUMIFS(INDIRECT("Game Record!B2:B1000"), INDIRECT("Game Record!A2:A1000"), A86, INDIRECT("Game Record!E2:E1000"), C86) + SUMIFS(INDIRECT("Game Record!D2:D1000"), INDIRECT("Game Record!C2:C1000"), A86, INDIRECT("Game Record!E2:E1000"), C86) -> 0 | G86: =IF(A86 = "", "", COUNTIF('Game Record'!G:G, A86)) | H86: =IF(A86 = "", "", COUNTIF('Game Record'!H:H, A86)) | I86: =IFERROR(__xludf.DUMMYFUNCTION("SUM(FILTER(TeamARecordSet, INDEX(TeamARecordSet, 0, 1) = A86)) + SUM(FILTER(TeamBRecordSet, INDEX(TeamBRecordSet, 0, 1) = A86))"),0.0) -> 0 | J86: =IFERROR( (SUMIFS(INDIRECT("Game Record!B2:B1000"), INDIRECT("Game Record!A2:A1000"), $A86, INDIRECT("Game Record!E2:E1000"), $C86) + SUMIFS(INDIRECT("Game Record!D2:D1000"), INDIRECT("Game Record!C2:C1000"), $A86, INDIRECT("Game Record!E2:E1000"), $C86)) / (COUNTIFS(INDIRECT("Game Record!A2:A1000"), $A86, INDIRECT("Game Record!E2:E1000"), $C86) + COUNTIFS(INDIRECT("Game Record!C2:C1000"), $A86, INDIRECT("Game Record!E2:E1000"), $C86)), 0) -> 0 | K86: =IFERROR(I86/(G86+H86))
D87: =IF(A87 = "", "", COUNTIFS('Game Record'!G:G, A87, 'Game Record'!E:E, C87)) | E87: =IF(A87 = "", "", COUNTIFS('Game Record'!H:H, A87, 'Game Record'!E:E, C87)) | F87: =SUMIFS(INDIRECT("Game Record!B2:B1000"), INDIRECT("Game Record!A2:A1000"), A87, INDIRECT("Game Record!E2:E1000"), C87) + SUMIFS(INDIRECT("Game Record!D2:D1000"), INDIRECT("Game Record!C2:C1000"), A87, INDIRECT("Game Record!E2:E1000"), C87) -> 0 | G87: =IF(A87 = "", "", COUNTIF('Game Record'!G:G, A87)) | H87: =IF(A87 = "", "", COUNTIF('Game Record'!H:H, A87)) | I87: =IFERROR(__xludf.DUMMYFUNCTION("SUM(FILTER(TeamARecordSet, INDEX(TeamARecordSet, 0, 1) = A87)) + SUM(FILTER(TeamBRecordSet, INDEX(TeamBRecordSet, 0, 1) = A87))"),0.0) -> 0 | J87: =IFERROR( (SUMIFS(INDIRECT("Game Record!B2:B1000"), INDIRECT("Game Record!A2:A1000"), $A87, INDIRECT("Game Record!E2:E1000"), $C87) + SUMIFS(INDIRECT("Game Record!D2:D1000"), INDIRECT("Game Record!C2:C1000"), $A87, INDIRECT("Game Record!E2:E1000"), $C87)) / (COUNTIFS(INDIRECT("Game Record!A2:A1000"), $A87, INDIRECT("Game Record!E2:E1000"), $C87) + COUNTIFS(INDIRECT("Game Record!C2:C1000"), $A87, INDIRECT("Game Record!E2:E1000"), $C87)), 0) -> 0 | K87: =IFERROR(I87/(G87+H87))
D88: =IF(A88 = "", "", COUNTIFS('Game Record'!G:G, A88, 'Game Record'!E:E, C88)) | E88: =IF(A88 = "", "", COUNTIFS('Game Record'!H:H, A88, 'Game Record'!E:E, C88)) | F88: =SUMIFS(INDIRECT("Game Record!B2:B1000"), INDIRECT("Game Record!A2:A1000"), A88, INDIRECT("Game Record!E2:E1000"), C88) + SUMIFS(INDIRECT("Game Record!D2:D1000"), INDIRECT("Game Record!C2:C1000"), A88, INDIRECT("Game Record!E2:E1000"), C88) -> 0 | G88: =IF(A88 = "", "", COUNTIF('Game Record'!G:G, A88)) | H88: =IF(A88 = "", "", COUNTIF('Game Record'!H:H, A88)) | I88: =IFERROR(__xludf.DUMMYFUNCTION("SUM(FILTER(TeamARecordSet, INDEX(TeamARecordSet, 0, 1) = A88)) + SUM(FILTER(TeamBRecordSet, INDEX(TeamBRecordSet, 0, 1) = A88))"),0.0) -> 0 | J88: =IFERROR( (SUMIFS(INDIRECT("Game Record!B2:B1000"), INDIRECT("Game Record!A2:A1000"), $A88, INDIRECT("Game Record!E2:E1000"), $C88) + SUMIFS(INDIRECT("Game Record!D2:D1000"), INDIRECT("Game Record!C2:C1000"), $A88, INDIRECT("Game Record!E2:E1000"), $C88)) / (COUNTIFS(INDIRECT("Game Record!A2:A1000"), $A88, INDIRECT("Game Record!E2:E1000"), $C88) + COUNTIFS(INDIRECT("Game Record!C2:C1000"), $A88, INDIRECT("Game Record!E2:E1000"), $C88)), 0) -> 0 | K88: =IFERROR(I88/(G88+H88))
D89: =IF(A89 = "", "", COUNTIFS('Game Record'!G:G, A89, 'Game Record'!E:E, C89)) | E89: =IF(A89 = "", "", COUNTIFS('Game Record'!H:H, A89, 'Game Record'!E:E, C89)) | F89: =SUMIFS(INDIRECT("Game Record!B2:B1000"), INDIRECT("Game Record!A2:A1000"), A89, INDIRECT("Game Record!E2:E1000"), C89) + SUMIFS(INDIRECT("Game Record!D2:D1000"), INDIRECT("Game Record!C2:C1000"), A89, INDIRECT("Game Record!E2:E1000"), C89) -> 0 | G89: =IF(A89 = "", "", COUNTIF('Game Record'!G:G, A89)) | H89: =IF(A89 = "", "", COUNTIF('Game Record'!H:H, A89)) | I89: =IFERROR(__xludf.DUMMYFUNCTION("SUM(FILTER(TeamARecordSet, INDEX(TeamARecordSet, 0, 1) = A89)) + SUM(FILTER(TeamBRecordSet, INDEX(TeamBRecordSet, 0, 1) = A89))"),0.0) -> 0 | J89: =IFERROR( (SUMIFS(INDIRECT("Game Record!B2:B1000"), INDIRECT("Game Record!A2:A1000"), $A89, INDIRECT("Game Record!E2:E1000"), $C89) + SUMIFS(INDIRECT("Game Record!D2:D1000"), INDIRECT("Game Record!C2:C1000"), $A89, INDIRECT("Game Record!E2:E1000"), $C89)) / (COUNTIFS(INDIRECT("Game Record!A2:A1000"), $A89, INDIRECT("Game Record!E2:E1000"), $C89) + COUNTIFS(INDIRECT("Game Record!C2:C1000"), $A89, INDIRECT("Game Record!E2:E1000"), $C89)), 0) -> 0 | K89: =IFERROR(I89/(G89+H89))
D90: =IF(A90 = "", "", COUNTIFS('Game Record'!G:G, A90, 'Game Record'!E:E, C90)) | E90: =IF(A90 = "", "", COUNTIFS('Game Record'!H:H, A90, 'Game Record'!E:E, C90)) | F90: =SUMIFS(INDIRECT("Game Record!B2:B1000"), INDIRECT("Game Record!A2:A1000"), A90, INDIRECT("Game Record!E2:E1000"), C90) + SUMIFS(INDIRECT("Game Record!D2:D1000"), INDIRECT("Game Record!C2:C1000"), A90, INDIRECT("Game Record!E2:E1000"), C90) -> 0 | G90: =IF(A90 = "", "", COUNTIF('Game Record'!G:G, A90)) | H90: =IF(A90 = "", "", COUNTIF('Game Record'!H:H, A90)) | I90: =IFERROR(__xludf.DUMMYFUNCTION("SUM(FILTER(TeamARecordSet, INDEX(TeamARecordSet, 0, 1) = A90)) + SUM(FILTER(TeamBRecordSet, INDEX(TeamBRecordSet, 0, 1) = A90))"),0.0) -> 0 | J90: =IFERROR( (SUMIFS(INDIRECT("Game Record!B2:B1000"), INDIRECT("Game Record!A2:A1000"), $A90, INDIRECT("Game Record!E2:E1000"), $C90) + SUMIFS(INDIRECT("Game Record!D2:D1000"), INDIRECT("Game Record!C2:C1000"), $A90, INDIRECT("Game Record!E2:E1000"), $C90)) / (COUNTIFS(INDIRECT("Game Record!A2:A1000"), $A90, INDIRECT("Game Record!E2:E1000"), $C90) + COUNTIFS(INDIRECT("Game Record!C2:C1000"), $A90, INDIRECT("Game Record!E2:E1000"), $C90)), 0) -> 0 | K90: =IFERROR(I90/(G90+H90))
D91: =IF(A91 = "", "", COUNTIFS('Game Record'!G:G, A91, 'Game Record'!E:E, C91)) | E91: =IF(A91 = "", "", COUNTIFS('Game Record'!H:H, A91, 'Game Record'!E:E, C91)) | F91: =SUMIFS(INDIRECT("Game Record!B2:B1000"), INDIRECT("Game Record!A2:A1000"), A91, INDIRECT("Game Record!E2:E1000"), C91) + SUMIFS(INDIRECT("Game Record!D2:D1000"), INDIRECT("Game Record!C2:C1000"), A91, INDIRECT("Game Record!E2:E1000"), C91) -> 0 | G91: =IF(A91 = "", "", COUNTIF('Game Record'!G:G, A91)) | H91: =IF(A91 = "", "", COUNTIF('Game Record'!H:H, A91)) | I91: =IFERROR(__xludf.DUMMYFUNCTION("SUM(FILTER(TeamARecordSet, INDEX(TeamARecordSet, 0, 1) = A91)) + SUM(FILTER(TeamBRecordSet, INDEX(TeamBRecordSet, 0, 1) = A91))"),0.0) -> 0 | J91: =IFERROR( (SUMIFS(INDIRECT("Game Record!B2:B1000"), INDIRECT("Game Record!A2:A1000"), $A91, INDIRECT("Game Record!E2:E1000"), $C91) + SUMIFS(INDIRECT("Game Record!D2:D1000"), INDIRECT("Game Record!C2:C1000"), $A91, INDIRECT("Game Record!E2:E1000"), $C91)) / (COUNTIFS(INDIRECT("Game Record!A2:A1000"), $A91, INDIRECT("Game Record!E2:E1000"), $C91) + COUNTIFS(INDIRECT("Game Record!C2:C1000"), $A91, INDIRECT("Game Record!E2:E1000"), $C91)), 0) -> 0 | K91: =IFERROR(I91/(G91+H91))
D92: =IF(A92 = "", "", COUNTIFS('Game Record'!G:G, A92, 'Game Record'!E:E, C92)) | E92: =IF(A92 = "", "", COUNTIFS('Game Record'!H:H, A92, 'Game Record'!E:E, C92)) | F92: =SUMIFS(INDIRECT("Game Record!B2:B1000"), INDIRECT("Game Record!A2:A1000"), A92, INDIRECT("Game Record!E2:E1000"), C92) + SUMIFS(INDIRECT("Game Record!D2:D1000"), INDIRECT("Game Record!C2:C1000"), A92, INDIRECT("Game Record!E2:E1000"), C92) -> 0 | G92: =IF(A92 = "", "", COUNTIF('Game Record'!G:G, A92)) | H92: =IF(A92 = "", "", COUNTIF('Game Record'!H:H, A92)) | I92: =IFERROR(__xludf.DUMMYFUNCTION("SUM(FILTER(TeamARecordSet, INDEX(TeamARecordSet, 0, 1) = A92)) + SUM(FILTER(TeamBRecordSet, INDEX(TeamBRecordSet, 0, 1) = A92))"),0.0) -> 0 | J92: =IFERROR( (SUMIFS(INDIRECT("Game Record!B2:B1000"), INDIRECT("Game Record!A2:A1000"), $A92, INDIRECT("Game Record!E2:E1000"), $C92) + SUMIFS(INDIRECT("Game Record!D2:D1000"), INDIRECT("Game Record!C2:C1000"), $A92, INDIRECT("Game Record!E2:E1000"), $C92)) / (COUNTIFS(INDIRECT("Game Record!A2:A1000"), $A92, INDIRECT("Game Record!E2:E1000"), $C92) + COUNTIFS(INDIRECT("Game Record!C2:C1000"), $A92, INDIRECT("Game Record!E2:E1000"), $C92)), 0) -> 0 | K92: =IFERROR(I92/(G92+H92))
D93: =IF(A93 = "", "", COUNTIFS('Game Record'!G:G, A93, 'Game Record'!E:E, C93)) | E93: =IF(A93 = "", "", COUNTIFS('Game Record'!H:H, A93, 'Game Record'!E:E, C93)) | F93: =SUMIFS(INDIRECT("Game Record!B2:B1000"), INDIRECT("Game Record!A2:A1000"), A93, INDIRECT("Game Record!E2:E1000"), C93) + SUMIFS(INDIRECT("Game Record!D2:D1000"), INDIRECT("Game Record!C2:C1000"), A93, INDIRECT("Game Record!E2:E1000"), C93) -> 0 | G93: =IF(A93 = "", "", COUNTIF('Game Record'!G:G, A93)) | H93: =IF(A93 = "", "", COUNTIF('Game Record'!H:H, A93)) | I93: =IFERROR(__xludf.DUMMYFUNCTION("SUM(FILTER(TeamARecordSet, INDEX(TeamARecordSet, 0, 1) = A93)) + SUM(FILTER(TeamBRecordSet, INDEX(TeamBRecordSet, 0, 1) = A93))"),0.0) -> 0 | J93: =IFERROR( (SUMIFS(INDIRECT("Game Record!B2:B1000"), INDIRECT("Game Record!A2:A1000"), $A93, INDIRECT("Game Record!E2:E1000"), $C93) + SUMIFS(INDIRECT("Game Record!D2:D1000"), INDIRECT("Game Record!C2:C1000"), $A93, INDIRECT("Game Record!E2:E1000"), $C93)) / (COUNTIFS(INDIRECT("Game Record!A2:A1000"), $A93, INDIRECT("Game Record!E2:E1000"), $C93) + COUNTIFS(INDIRECT("Game Record!C2:C1000"), $A93, INDIRECT("Game Record!E2:E1000"), $C93)), 0) -> 0 | K93: =IFERROR(I93/(G93+H93))
D94: =IF(A94 = "", "", COUNTIFS('Game Record'!G:G, A94, 'Game Record'!E:E, C94)) | E94: =IF(A94 = "", "", COUNTIFS('Game Record'!H:H, A94, 'Game Record'!E:E, C94)) | F94: =SUMIFS(INDIRECT("Game Record!B2:B1000"), INDIRECT("Game Record!A2:A1000"), A94, INDIRECT("Game Record!E2:E1000"), C94) + SUMIFS(INDIRECT("Game Record!D2:D1000"), INDIRECT("Game Record!C2:C1000"), A94, INDIRECT("Game Record!E2:E1000"), C94) -> 0 | G94: =IF(A94 = "", "", COUNTIF('Game Record'!G:G, A94)) | H94: =IF(A94 = "", "", COUNTIF('Game Record'!H:H, A94)) | I94: =IFERROR(__xludf.DUMMYFUNCTION("SUM(FILTER(TeamARecordSet, INDEX(TeamARecordSet, 0, 1) = A94)) + SUM(FILTER(TeamBRecordSet, INDEX(TeamBRecordSet, 0, 1) = A94))"),0.0) -> 0 | J94: =IFERROR( (SUMIFS(INDIRECT("Game Record!B2:B1000"), INDIRECT("Game Record!A2:A1000"), $A94, INDIRECT("Game Record!E2:E1000"), $C94) + SUMIFS(INDIRECT("Game Record!D2:D1000"), INDIRECT("Game Record!C2:C1000"), $A94, INDIRECT("Game Record!E2:E1000"), $C94)) / (COUNTIFS(INDIRECT("Game Record!A2:A1000"), $A94, INDIRECT("Game Record!E2:E1000"), $C94) + COUNTIFS(INDIRECT("Game Record!C2:C1000"), $A94, INDIRECT("Game Record!E2:E1000"), $C94)), 0) -> 0 | K94: =IFERROR(I94/(G94+H94))
D95: =IF(A95 = "", "", COUNTIFS('Game Record'!G:G, A95, 'Game Record'!E:E, C95)) | E95: =IF(A95 = "", "", COUNTIFS('Game Record'!H:H, A95, 'Game Record'!E:E, C95)) | F95: =SUMIFS(INDIRECT("Game Record!B2:B1000"), INDIRECT("Game Record!A2:A1000"), A95, INDIRECT("Game Record!E2:E1000"), C95) + SUMIFS(INDIRECT("Game Record!D2:D1000"), INDIRECT("Game Record!C2:C1000"), A95, INDIRECT("Game Record!E2:E1000"), C95) -> 0 | G95: =IF(A95 = "", "", COUNTIF('Game Record'!G:G, A95)) | H95: =IF(A95 = "", "", COUNTIF('Game Record'!H:H, A95)) | I95: =IFERROR(__xludf.DUMMYFUNCTION("SUM(FILTER(TeamARecordSet, INDEX(TeamARecordSet, 0, 1) = A95)) + SUM(FILTER(TeamBRecordSet, INDEX(TeamBRecordSet, 0, 1) = A95))"),0.0) -> 0 | J95: =IFERROR( (SUMIFS(INDIRECT("Game Record!B2:B1000"), INDIRECT("Game Record!A2:A1000"), $A95, INDIRECT("Game Record!E2:E1000"), $C95) + SUMIFS(INDIRECT("Game Record!D2:D1000"), INDIRECT("Game Record!C2:C1000"), $A95, INDIRECT("Game Record!E2:E1000"), $C95)) / (COUNTIFS(INDIRECT("Game Record!A2:A1000"), $A95, INDIRECT("Game Record!E2:E1000"), $C95) + COUNTIFS(INDIRECT("Game Record!C2:C1000"), $A95, INDIRECT("Game Record!E2:E1000"), $C95)), 0) -> 0 | K95: =IFERROR(I95/(G95+H95))
D96: =IF(A96 = "", "", COUNTIFS('Game Record'!G:G, A96, 'Game Record'!E:E, C96)) | E96: =IF(A96 = "", "", COUNTIFS('Game Record'!H:H, A96, 'Game Record'!E:E, C96)) | F96: =SUMIFS(INDIRECT("Game Record!B2:B1000"), INDIRECT("Game Record!A2:A1000"), A96, INDIRECT("Game Record!E2:E1000"), C96) + SUMIFS(INDIRECT("Game Record!D2:D1000"), INDIRECT("Game Record!C2:C1000"), A96, INDIRECT("Game Record!E2:E1000"), C96) -> 0 | G96: =IF(A96 = "", "", COUNTIF('Game Record'!G:G, A96)) | H96: =IF(A96 = "", "", COUNTIF('Game Record'!H:H, A96)) | I96: =IFERROR(__xludf.DUMMYFUNCTION("SUM(FILTER(TeamARecordSet, INDEX(TeamARecordSet, 0, 1) = A96)) + SUM(FILTER(TeamBRecordSet, INDEX(TeamBRecordSet, 0, 1) = A96))"),0.0) -> 0 | J96: =IFERROR( (SUMIFS(INDIRECT("Game Record!B2:B1000"), INDIRECT("Game Record!A2:A1000"), $A96, INDIRECT("Game Record!E2:E1000"), $C96) + SUMIFS(INDIRECT("Game Record!D2:D1000"), INDIRECT("Game Record!C2:C1000"), $A96, INDIRECT("Game Record!E2:E1000"), $C96)) / (COUNTIFS(INDIRECT("Game Record!A2:A1000"), $A96, INDIRECT("Game Record!E2:E1000"), $C96) + COUNTIFS(INDIRECT("Game Record!C2:C1000"), $A96, INDIRECT("Game Record!E2:E1000"), $C96)), 0) -> 0 | K96: =IFERROR(I96/(G96+H96))
D97: =IF(A97 = "", "", COUNTIFS('Game Record'!G:G, A97, 'Game Record'!E:E, C97)) | E97: =IF(A97 = "", "", COUNTIFS('Game Record'!H:H, A97, 'Game Record'!E:E, C97)) | F97: =SUMIFS(INDIRECT("Game Record!B2:B1000"), INDIRECT("Game Record!A2:A1000"), A97, INDIRECT("Game Record!E2:E1000"), C97) + SUMIFS(INDIRECT("Game Record!D2:D1000"), INDIRECT("Game Record!C2:C1000"), A97, INDIRECT("Game Record!E2:E1000"), C97) -> 0 | G97: =IF(A97 = "", "", COUNTIF('Game Record'!G:G, A97)) | H97: =IF(A97 = "", "", COUNTIF('Game Record'!H:H, A97)) | I97: =IFERROR(__xludf.DUMMYFUNCTION("SUM(FILTER(TeamARecordSet, INDEX(TeamARecordSet, 0, 1) = A97)) + SUM(FILTER(TeamBRecordSet, INDEX(TeamBRecordSet, 0, 1) = A97))"),0.0) -> 0 | J97: =IFERROR( (SUMIFS(INDIRECT("Game Record!B2:B1000"), INDIRECT("Game Record!A2:A1000"), $A97, INDIRECT("Game Record!E2:E1000"), $C97) + SUMIFS(INDIRECT("Game Record!D2:D1000"), INDIRECT("Game Record!C2:C1000"), $A97, INDIRECT("Game Record!E2:E1000"), $C97)) / (COUNTIFS(INDIRECT("Game Record!A2:A1000"), $A97, INDIRECT("Game Record!E2:E1000"), $C97) + COUNTIFS(INDIRECT("Game Record!C2:C1000"), $A97, INDIRECT("Game Record!E2:E1000"), $C97)), 0) -> 0 | K97: =IFERROR(I97/(G97+H97))
D98: =IF(A98 = "", "", COUNTIFS('Game Record'!G:G, A98, 'Game Record'!E:E, C98)) | E98: =IF(A98 = "", "", COUNTIFS('Game Record'!H:H, A98, 'Game Record'!E:E, C98)) | F98: =SUMIFS(INDIRECT("Game Record!B2:B1000"), INDIRECT("Game Record!A2:A1000"), A98, INDIRECT("Game Record!E2:E1000"), C98) + SUMIFS(INDIRECT("Game Record!D2:D1000"), INDIRECT("Game Record!C2:C1000"), A98, INDIRECT("Game Record!E2:E1000"), C98) -> 0 | G98: =IF(A98 = "", "", COUNTIF('Game Record'!G:G, A98)) | H98: =IF(A98 = "", "", COUNTIF('Game Record'!H:H, A98)) | I98: =IFERROR(__xludf.DUMMYFUNCTION("SUM(FILTER(TeamARecordSet, INDEX(TeamARecordSet, 0, 1) = A98)) + SUM(FILTER(TeamBRecordSet, INDEX(TeamBRecordSet, 0, 1) = A98))"),0.0) -> 0 | J98: =IFERROR( (SUMIFS(INDIRECT("Game Record!B2:B1000"), INDIRECT("Game Record!A2:A1000"), $A98, INDIRECT("Game Record!E2:E1000"), $C98) + SUMIFS(INDIRECT("Game Record!D2:D1000"), INDIRECT("Game Record!C2:C1000"), $A98, INDIRECT("Game Record!E2:E1000"), $C98)) / (COUNTIFS(INDIRECT("Game Record!A2:A1000"), $A98, INDIRECT("Game Record!E2:E1000"), $C98) + COUNTIFS(INDIRECT("Game Record!C2:C1000"), $A98, INDIRECT("Game Record!E2:E1000"), $C98)), 0) -> 0 | K98: =IFERROR(I98/(G98+H98))
D99: =IF(A99 = "", "", COUNTIFS('Game Record'!G:G, A99, 'Game Record'!E:E, C99)) | E99: =IF(A99 = "", "", COUNTIFS('Game Record'!H:H, A99, 'Game Record'!E:E, C99)) | F99: =SUMIFS(INDIRECT("Game Record!B2:B1000"), INDIRECT("Game Record!A2:A1000"), A99, INDIRECT("Game Record!E2:E1000"), C99) + SUMIFS(INDIRECT("Game Record!D2:D1000"), INDIRECT("Game Record!C2:C1000"), A99, INDIRECT("Game Record!E2:E1000"), C99) -> 0 | G99: =IF(A99 = "", "", COUNTIF('Game Record'!G:G, A99)) | H99: =IF(A99 = "", "", COUNTIF('Game Record'!H:H, A99)) | I99: =IFERROR(__xludf.DUMMYFUNCTION("SUM(FILTER(TeamARecordSet, INDEX(TeamARecordSet, 0, 1) = A99)) + SUM(FILTER(TeamBRecordSet, INDEX(TeamBRecordSet, 0, 1) = A99))"),0.0) -> 0 | J99: =IFERROR( (SUMIFS(INDIRECT("Game Record!B2:B1000"), INDIRECT("Game Record!A2:A1000"), $A99, INDIRECT("Game Record!E2:E1000"), $C99) + SUMIFS(INDIRECT("Game Record!D2:D1000"), INDIRECT("Game Record!C2:C1000"), $A99, INDIRECT("Game Record!E2:E1000"), $C99)) / (COUNTIFS(INDIRECT("Game Record!A2:A1000"), $A99, INDIRECT("Game Record!E2:E1000"), $C99) + COUNTIFS(INDIRECT("Game Record!C2:C1000"), $A99, INDIRECT("Game Record!E2:E1000"), $C99)), 0) -> 0 | K99: =IFERROR(I99/(G99+H99))
D100: =IF(A100 = "", "", COUNTIFS('Game Record'!G:G, A100, 'Game Record'!E:E, C100)) | E100: =IF(A100 = "", "", COUNTIFS('Game Record'!H:H, A100, 'Game Record'!E:E, C100)) | F100: =SUMIFS(INDIRECT("Game Record!B2:B1000"), INDIRECT("Game Record!A2:A1000"), A100, INDIRECT("Game Record!E2:E1000"), C100) + SUMIFS(INDIRECT("Game Record!D2:D1000"), INDIRECT("Game Record!C2:C1000"), A100, INDIRECT("Game Record!E2:E1000"), C100) -> 0 | G100: =IF(A100 = "", "", COUNTIF('Game Record'!G:G, A100)) | H100: =IF(A100 = "", "", COUNTIF('Game Record'!H:H, A100)) | I100: =IFERROR(__xludf.DUMMYFUNCTION("SUM(FILTER(TeamARecordSet, INDEX(TeamARecordSet, 0, 1) = A100)) + SUM(FILTER(TeamBRecordSet, INDEX(TeamBRecordSet, 0, 1) = A100))"),0.0) -> 0 | J100: =IFERROR( (SUMIFS(INDIRECT("Game Record!B2:B1000"), INDIRECT("Game Record!A2:A1000"), $A100, INDIRECT("Game Record!E2:E1000"), $C100) + SUMIFS(INDIRECT("Game Record!D2:D1000"), INDIRECT("Game Record!C2:C1000"), $A100, INDIRECT("Game Record!E2:E1000"), $C100)) / (COUNTIFS(INDIRECT("Game Record!A2:A1000"), $A100, INDIRECT("Game Record!E2:E1000"), $C100) + COUNTIFS(INDIRECT("Game Record!C2:C1000"), $A100, INDIRECT("Game Record!E2:E1000"), $C100)), 0) -> 0 | K100: =IFERROR(I100/(G100+H100))
...

Sheet Win Rates (Seasonal)
A1: 2021 | B1: Kadin | C1: Luke | D1: Griffin | E1: Ruben | F1: Mitch | G1: Jacob | H1: Andrew | I1: Connor | J1: Kyle | K1: Nick | L1: Raghav | M1: Michael
A2: Kadin | B2: =IF(A2=B$1, "", IF( (COUNTIFS(Winner, A2, Loser, B$1, Season, $A$1) + COUNTIFS(Winner, B$1, Loser, A2, Season, $A$1)) = 0, "", COUNTIFS(Winner, A2, Loser, B$1, Season, $A$1) / (COUNTIFS(Winner, A2, Loser, B$1, Season, $A$1) + COUNTIFS(Winner, B$1, Loser, A2, Season, $A$1)) ) ) | C2: =IF(A2=C$1, "", IF( (COUNTIFS(Winner, A2, Loser, C$1, Season, $A$1) + COUNTIFS(Winner, C$1, Loser, A2, Season, $A$1)) = 0, "", COUNTIFS(Winner, A2, Loser, C$1, Season, $A$1) / (COUNTIFS(Winner, A2, Loser, C$1, Season, $A$1) + COUNTIFS(Winner, C$1, Loser, A2, Season, $A$1)) ) ) -> 0.5 | D2: =IF(A2=D$1, "", IF( (COUNTIFS(Winner, A2, Loser, D$1, Season, $A$1) + COUNTIFS(Winner, D$1, Loser, A2, Season, $A$1)) = 0, "", COUNTIFS(Winner, A2, Loser, D$1, Season, $A$1) / (COUNTIFS(Winner, A2, Loser, D$1, Season, $A$1) + COUNTIFS(Winner, D$1, Loser, A2, Season, $A$1)) ) ) -> 0 | E2: =IF(A2=E$1, "", IF( (COUNTIFS(Winner, A2, Loser, E$1, Season, $A$1) + COUNTIFS(Winner, E$1, Loser, A2, Season, $A$1)) = 0, "", COUNTIFS(Winner, A2, Loser, E$1, Season, $A$1) / (COUNTIFS(Winner, A2, Loser, E$1, Season, $A$1) + COUNTIFS(Winner, E$1, Loser, A2, Season, $A$1)) ) ) -> 1 | F2: =IF(A2=F$1, "", IF( (COUNTIFS(Winner, A2, Loser, F$1, Season, $A$1) + COUNTIFS(Winner, F$1, Loser, A2, Season, $A$1)) = 0, "", COUNTIFS(Winner, A2, Loser, F$1, Season, $A$1) / (COUNTIFS(Winner, A2, Loser, F$1, Season, $A$1) + COUNTIFS(Winner, F$1, Loser, A2, Season, $A$1)) ) ) -> 0 | G2: =IF(A2=G$1, "", IF( (COUNTIFS(Winner, A2, Loser, G$1, Season, $A$1) + COUNTIFS(Winner, G$1, Loser, A2, Season, $A$1)) = 0, "", COUNTIFS(Winner, A2, Loser, G$1, Season, $A$1) / (COUNTIFS(Winner, A2, Loser, G$1, Season, $A$1) + COUNTIFS(Winner, G$1, Loser, A2, Season, $A$1)) ) ) -> 1 | H2: =IF(A2=H$1, "", IF( (COUNTIFS(Winner, A2, Loser, H$1, Season, $A$1) + COUNTIFS(Winner, H$1, Loser, A2, Season, $A$1)) = 0, "", COUNTIFS(Winner, A2, Loser, H$1, Season, $A$1) / (COUNTIFS(Winner, A2, Loser, H$1, Season, $A$1) + COUNTIFS(Winner, H$1, Loser, A2, Season, $A$1)) ) ) -> 1 | I2: =IF(A2=I$1, "", IF( (COUNTIFS(Winner, A2, Loser, I$1, Season, $A$1) + COUNTIFS(Winner, I$1, Loser, A2, Season, $A$1)) = 0, "", COUNTIFS(Winner, A2, Loser, I$1, Season, $A$1) / (COUNTIFS(Winner, A2, Loser, I$1, Season, $A$1) + COUNTIFS(Winner, I$1, Loser, A2, Season, $A$1)) ) ) -> 1 | J2: =IF(A2=J$1, "", IF( (COUNTIFS(Winner, A2, Loser, J$1, Season, $A$1) + COUNTIFS(Winner, J$1, Loser, A2, Season, $A$1)) = 0, "", COUNTIFS(Winner, A2, Loser, J$1, Season, $A$1) / (COUNTIFS(Winner, A2, Loser, J$1, Season, $A$1) + COUNTIFS(Winner, J$1, Loser, A2, Season, $A$1)) ) ) -> 0.5 | K2: =IF(A2=K$1, "", IF( (COUNTIFS(Winner, A2, Loser, K$1, Season, $A$1) + COUNTIFS(Winner, K$1, Loser, A2, Season, $A$1)) = 0, "", COUNTIFS(Winner, A2, Loser, K$1, Season, $A$1) / (COUNTIFS(Winner, A2, Loser, K$1, Season, $A$1) + COUNTIFS(Winner, K$1, Loser, A2, Season, $A$1)) ) ) -> 0.5 | L2: =IF(A2=L$1, "", IF( (COUNTIFS(Winner, A2, Loser, L$1, Season, $A$1) + COUNTIFS(Winner, L$1, Loser, A2, Season, $A$1)) = 0, "", COUNTIFS(Winner, A2, Loser, L$1, Season, $A$1) / (COUNTIFS(Winner, A2, Loser, L$1, Season, $A$1) + COUNTIFS(Winner, L$1, Loser, A2, Season, $A$1)) ) ) | M2: =IF(A2=M$1, "", IF( (COUNTIFS(Winner, A2, Loser, M$1, Season, $A$1) + COUNTIFS(Winner, M$1, Loser, A2, Season, $A$1)) = 0, "", COUNTIFS(Winner, A2, Loser, M$1, Season, $A$1) / (COUNTIFS(Winner, A2, Loser, M$1, Season, $A$1) + COUNTIFS(Winner, M$1, Loser, A2, Season, $A$1)) ) )
A3: Luke | B3: =IF(A3=B$1, "", IF( (COUNTIFS(Winner, A3, Loser, B$1, Season, $A$1) + COUNTIFS(Winner, B$1, Loser, A3, Season, $A$1)) = 0, "", COUNTIFS(Winner, A3, Loser, B$1, Season, $A$1) / (COUNTIFS(Winner, A3, Loser, B$1, Season, $A$1) + COUNTIFS(Winner, B$1, Loser, A3, Season, $A$1)) ) ) -> 0.5 | C3: =IF(A3=C$1, "", IF( (COUNTIFS(Winner, A3, Loser, C$1, Season, $A$1) + COUNTIFS(Winner, C$1, Loser, A3, Season, $A$1)) = 0, "", COUNTIFS(Winner, A3, Loser, C$1, Season, $A$1) / (COUNTIFS(Winner, A3, Loser, C$1, Season, $A$1) + COUNTIFS(Winner, C$1, Loser, A3, Season, $A$1)) ) ) | D3: =IF(A3=D$1, "", IF( (COUNTIFS(Winner, A3, Loser, D$1, Season, $A$1) + COUNTIFS(Winner, D$1, Loser, A3, Season, $A$1)) = 0, "", COUNTIFS(Winner, A3, Loser, D$1, Season, $A$1) / (COUNTIFS(Winner, A3, Loser, D$1, Season, $A$1) + COUNTIFS(Winner, D$1, Loser, A3, Season, $A$1)) ) ) -> 1 | E3: =IF(A3=E$1, "", IF( (COUNTIFS(Winner, A3, Loser, E$1, Season, $A$1) + COUNTIFS(Winner, E$1, Loser, A3, Season, $A$1)) = 0, "", COUNTIFS(Winner, A3, Loser, E$1, Season, $A$1) / (COUNTIFS(Winner, A3, Loser, E$1, Season, $A$1) + COUNTIFS(Winner, E$1, Loser, A3, Season, $A$1)) ) ) -> 0.66666667 | F3: =IF(A3=F$1, "", IF( (COUNTIFS(Winner, A3, Loser, F$1, Season, $A$1) + COUNTIFS(Winner, F$1, Loser, A3, Season, $A$1)) = 0, "", COUNTIFS(Winner, A3, Loser, F$1, Season, $A$1) / (COUNTIFS(Winner, A3, Loser, F$1, Season, $A$1) + COUNTIFS(Winner, F$1, Loser, A3, Season, $A$1)) ) ) -> 0.5 | G3: =IF(A3=G$1, "", IF( (COUNTIFS(Winner, A3, Loser, G$1, Season, $A$1) + COUNTIFS(Winner, G$1, Loser, A3, Season, $A$1)) = 0, "", COUNTIFS(Winner, A3, Loser, G$1, Season, $A$1) / (COUNTIFS(Winner, A3, Loser, G$1, Season, $A$1) + COUNTIFS(Winner, G$1, Loser, A3, Season, $A$1)) ) ) -> 0.5 | H3: =IF(A3=H$1, "", IF( (COUNTIFS(Winner, A3, Loser, H$1, Season, $A$1) + COUNTIFS(Winner, H$1, Loser, A3, Season, $A$1)) = 0, "", COUNTIFS(Winner, A3, Loser, H$1, Season, $A$1) / (COUNTIFS(Winner, A3, Loser, H$1, Season, $A$1) + COUNTIFS(Winner, H$1, Loser, A3, Season, $A$1)) ) ) -> 0 | I3: =IF(A3=I$1, "", IF( (COUNTIFS(Winner, A3, Loser, I$1, Season, $A$1) + COUNTIFS(Winner, I$1, Loser, A3, Season, $A$1)) = 0, "", COUNTIFS(Winner, A3, Loser, I$1, Season, $A$1) / (COUNTIFS(Winner, A3, Loser, I$1, Season, $A$1) + COUNTIFS(Winner, I$1, Loser, A3, Season, $A$1)) ) ) -> 1 | J3: =IF(A3=J$1, "", IF( (COUNTIFS(Winner, A3, Loser, J$1, Season, $A$1) + COUNTIFS(Winner, J$1, Loser, A3, Season, $A$1)) = 0, "", COUNTIFS(Winner, A3, Loser, J$1, Season, $A$1) / (COUNTIFS(Winner, A3, Loser, J$1, Season, $A$1) + COUNTIFS(Winner, J$1, Loser, A3, Season, $A$1)) ) ) -> 1 | K3: =IF(A3=K$1, "", IF( (COUNTIFS(Winner, A3, Loser, K$1, Season, $A$1) + COUNTIFS(Winner, K$1, Loser, A3, Season, $A$1)) = 0, "", COUNTIFS(Winner, A3, Loser, K$1, Season, $A$1) / (COUNTIFS(Winner, A3, Loser, K$1, Season, $A$1) + COUNTIFS(Winner, K$1, Loser, A3, Season, $A$1)) ) ) -> 0 | L3: =IF(A3=L$1, "", IF( (COUNTIFS(Winner, A3, Loser, L$1, Season, $A$1) + COUNTIFS(Winner, L$1, Loser, A3, Season, $A$1)) = 0, "", COUNTIFS(Winner, A3, Loser, L$1, Season, $A$1) / (COUNTIFS(Winner, A3, Loser, L$1, Season, $A$1) + COUNTIFS(Winner, L$1, Loser, A3, Season, $A$1)) ) ) | M3: =IF(A3=M$1, "", IF( (COUNTIFS(Winner, A3, Loser, M$1, Season, $A$1) + COUNTIFS(Winner, M$1, Loser, A3, Season, $A$1)) = 0, "", COUNTIFS(Winner, A3, Loser, M$1, Season, $A$1) / (COUNTIFS(Winner, A3, Loser, M$1, Season, $A$1) + COUNTIFS(Winner, M$1, Loser, A3, Season, $A$1)) ) )
A4: Griffin | B4: =IF(A4=B$1, "", IF( (COUNTIFS(Winner, A4, Loser, B$1, Season, $A$1) + COUNTIFS(Winner, B$1, Loser, A4, Season, $A$1)) = 0, "", COUNTIFS(Winner, A4, Loser, B$1, Season, $A$1) / (COUNTIFS(Winner, A4, Loser, B$1, Season, $A$1) + COUNTIFS(Winner, B$1, Loser, A4, Season, $A$1)) ) ) -> 1 | C4: =IF(A4=C$1, "", IF( (COUNTIFS(Winner, A4, Loser, C$1, Season, $A$1) + COUNTIFS(Winner, C$1, Loser, A4, Season, $A$1)) = 0, "", COUNTIFS(Winner, A4, Loser, C$1, Season, $A$1) / (COUNTIFS(Winner, A4, Loser, C$1, Season, $A$1) + COUNTIFS(Winner, C$1, Loser, A4, Season, $A$1)) ) ) -> 0 | D4: =IF(A4=D$1, "", IF( (COUNTIFS(Winner, A4, Loser, D$1, Season, $A$1) + COUNTIFS(Winner, D$1, Loser, A4, Season, $A$1)) = 0, "", COUNTIFS(Winner, A4, Loser, D$1, Season, $A$1) / (COUNTIFS(Winner, A4, Loser, D$1, Season, $A$1) + COUNTIFS(Winner, D$1, Loser, A4, Season, $A$1)) ) ) | E4: =IF(A4=E$1, "", IF( (COUNTIFS(Winner, A4, Loser, E$1, Season, $A$1) + COUNTIFS(Winner, E$1, Loser, A4, Season, $A$1)) = 0, "", COUNTIFS(Winner, A4, Loser, E$1, Season, $A$1) / (COUNTIFS(Winner, A4, Loser, E$1, Season, $A$1) + COUNTIFS(Winner, E$1, Loser, A4, Season, $A$1)) ) ) -> 1 | F4: =IF(A4=F$1, "", IF( (COUNTIFS(Winner, A4, Loser, F$1, Season, $A$1) + COUNTIFS(Winner, F$1, Loser, A4, Season, $A$1)) = 0, "", COUNTIFS(Winner, A4, Loser, F$1, Season, $A$1) / (COUNTIFS(Winner, A4, Loser, F$1, Season, $A$1) + COUNTIFS(Winner, F$1, Loser, A4, Season, $A$1)) ) ) -> 0.66666667 | G4: =IF(A4=G$1, "", IF( (COUNTIFS(Winner, A4, Loser, G$1, Season, $A$1) + COUNTIFS(Winner, G$1, Loser, A4, Season, $A$1)) = 0, "", COUNTIFS(Winner, A4, Loser, G$1, Season, $A$1) / (COUNTIFS(Winner, A4, Loser, G$1, Season, $A$1) + COUNTIFS(Winner, G$1, Loser, A4, Season, $A$1)) ) ) -> 0.5 | H4: =IF(A4=H$1, "", IF( (COUNTIFS(Winner, A4, Loser, H$1, Season, $A$1) + COUNTIFS(Winner, H$1, Loser, A4, Season, $A$1)) = 0, "", COUNTIFS(Winner, A4, Loser, H$1, Season, $A$1) / (COUNTIFS(Winner, A4, Loser, H$1, Season, $A$1) + COUNTIFS(Winner, H$1, Loser, A4, Season, $A$1)) ) ) -> 0 | I4: =IF(A4=I$1, "", IF( (COUNTIFS(Winner, A4, Loser, I$1, Season, $A$1) + COUNTIFS(Winner, I$1, Loser, A4, Season, $A$1)) = 0, "", COUNTIFS(Winner, A4, Loser, I$1, Season, $A$1) / (COUNTIFS(Winner, A4, Loser, I$1, Season, $A$1) + COUNTIFS(Winner, I$1, Loser, A4, Season, $A$1)) ) ) -> 1 | J4: =IF(A4=J$1, "", IF( (COUNTIFS(Winner, A4, Loser, J$1, Season, $A$1) + COUNTIFS(Winner, J$1, Loser, A4, Season, $A$1)) = 0, "", COUNTIFS(Winner, A4, Loser, J$1, Season, $A$1) / (COUNTIFS(Winner, A4, Loser, J$1, Season, $A$1) + COUNTIFS(Winner, J$1, Loser, A4, Season, $A$1)) ) ) -> 0.66666667 | K4: =IF(A4=K$1, "", IF( (COUNTIFS(Winner, A4, Loser, K$1, Season, $A$1) + COUNTIFS(Winner, K$1, Loser, A4, Season, $A$1)) = 0, "", COUNTIFS(Winner, A4, Loser, K$1, Season, $A$1) / (COUNTIFS(Winner, A4, Loser, K$1, Season, $A$1) + COUNTIFS(Winner, K$1, Loser, A4, Season, $A$1)) ) ) -> 1 | L4: =IF(A4=L$1, "", IF( (COUNTIFS(Winner, A4, Loser, L$1, Season, $A$1) + COUNTIFS(Winner, L$1, Loser, A4, Season, $A$1)) = 0, "", COUNTIFS(Winner, A4, Loser, L$1, Season, $A$1) / (COUNTIFS(Winner, A4, Loser, L$1, Season, $A$1) + COUNTIFS(Winner, L$1, Loser, A4, Season, $A$1)) ) ) | M4: =IF(A4=M$1, "", IF( (COUNTIFS(Winner, A4, Loser, M$1, Season, $A$1) + COUNTIFS(Winner, M$1, Loser, A4, Season, $A$1)) = 0, "", COUNTIFS(Winner, A4, Loser, M$1, Season, $A$1) / (COUNTIFS(Winner, A4, Loser, M$1, Season, $A$1) + COUNTIFS(Winner, M$1, Loser, A4, Season, $A$1)) ) )
A5: Ruben | B5: =IF(A5=B$1, "", IF( (COUNTIFS(Winner, A5, Loser, B$1, Season, $A$1) + COUNTIFS(Winner, B$1, Loser, A5, Season, $A$1)) = 0, "", COUNTIFS(Winner, A5, Loser, B$1, Season, $A$1) / (COUNTIFS(Winner, A5, Loser, B$1, Season, $A$1) + COUNTIFS(Winner, B$1, Loser, A5, Season, $A$1)) ) ) -> 0 | C5: =IF(A5=C$1, "", IF( (COUNTIFS(Winner, A5, Loser, C$1, Season, $A$1) + COUNTIFS(Winner, C$1, Loser, A5, Season, $A$1)) = 0, "", COUNTIFS(Winner, A5, Loser, C$1, Season, $A$1) / (COUNTIFS(Winner, A5, Loser, C$1, Season, $A$1) + COUNTIFS(Winner, C$1, Loser, A5, Season, $A$1)) ) ) -> 0.33333333 | D5: =IF(A5=D$1, "", IF( (COUNTIFS(Winner, A5, Loser, D$1, Season, $A$1) + COUNTIFS(Winner, D$1, Loser, A5, Season, $A$1)) = 0, "", COUNTIFS(Winner, A5, Loser, D$1, Season, $A$1) / (COUNTIFS(Winner, A5, Loser, D$1, Season, $A$1) + COUNTIFS(Winner, D$1, Loser, A5, Season, $A$1)) ) ) -> 0 | E5: =IF(A5=E$1, "", IF( (COUNTIFS(Winner, A5, Loser, E$1, Season, $A$1) + COUNTIFS(Winner, E$1, Loser, A5, Season, $A$1)) = 0, "", COUNTIFS(Winner, A5, Loser, E$1, Season, $A$1) / (COUNTIFS(Winner, A5, Loser, E$1, Season, $A$1) + COUNTIFS(Winner, E$1, Loser, A5, Season, $A$1)) ) ) | F5: =IF(A5=F$1, "", IF( (COUNTIFS(Winner, A5, Loser, F$1, Season, $A$1) + COUNTIFS(Winner, F$1, Loser, A5, Season, $A$1)) = 0, "", COUNTIFS(Winner, A5, Loser, F$1, Season, $A$1) / (COUNTIFS(Winner, A5, Loser, F$1, Season, $A$1) + COUNTIFS(Winner, F$1, Loser, A5, Season, $A$1)) ) ) -> 1 | G5: =IF(A5=G$1, "", IF( (COUNTIFS(Winner, A5, Loser, G$1, Season, $A$1) + COUNTIFS(Winner, G$1, Loser, A5, Season, $A$1)) = 0, "", COUNTIFS(Winner, A5, Loser, G$1, Season, $A$1) / (COUNTIFS(Winner, A5, Loser, G$1, Season, $A$1) + COUNTIFS(Winner, G$1, Loser, A5, Season, $A$1)) ) ) -> 0 | H5: =IF(A5=H$1, "", IF( (COUNTIFS(Winner, A5, Loser, H$1, Season, $A$1) + COUNTIFS(Winner, H$1, Loser, A5, Season, $A$1)) = 0, "", COUNTIFS(Winner, A5, Loser, H$1, Season, $A$1) / (COUNTIFS(Winner, A5, Loser, H$1, Season, $A$1) + COUNTIFS(Winner, H$1, Loser, A5, Season, $A$1)) ) ) -> 0 | I5: =IF(A5=I$1, "", IF( (COUNTIFS(Winner, A5, Loser, I$1, Season, $A$1) + COUNTIFS(Winner, I$1, Loser, A5, Season, $A$1)) = 0, "", COUNTIFS(Winner, A5, Loser, I$1, Season, $A$1) / (COUNTIFS(Winner, A5, Loser, I$1, Season, $A$1) + COUNTIFS(Winner, I$1, Loser, A5, Season, $A$1)) ) ) -> 0 | J5: =IF(A5=J$1, "", IF( (COUNTIFS(Winner, A5, Loser, J$1, Season, $A$1) + COUNTIFS(Winner, J$1, Loser, A5, Season, $A$1)) = 0, "", COUNTIFS(Winner, A5, Loser, J$1, Season, $A$1) / (COUNTIFS(Winner, A5, Loser, J$1, Season, $A$1) + COUNTIFS(Winner, J$1, Loser, A5, Season, $A$1)) ) ) -> 0.5 | K5: =IF(A5=K$1, "", IF( (COUNTIFS(Winner, A5, Loser, K$1, Season, $A$1) + COUNTIFS(Winner, K$1, Loser, A5, Season, $A$1)) = 0, "", COUNTIFS(Winner, A5, Loser, K$1, Season, $A$1) / (COUNTIFS(Winner, A5, Loser, K$1, Season, $A$1) + COUNTIFS(Winner, K$1, Loser, A5, Season, $A$1)) ) ) -> 0 | L5: =IF(A5=L$1, "", IF( (COUNTIFS(Winner, A5, Loser, L$1, Season, $A$1) + COUNTIFS(Winner, L$1, Loser, A5, Season, $A$1)) = 0, "", COUNTIFS(Winner, A5, Loser, L$1, Season, $A$1) / (COUNTIFS(Winner, A5, Loser, L$1, Season, $A$1) + COUNTIFS(Winner, L$1, Loser, A5, Season, $A$1)) ) ) | M5: =IF(A5=M$1, "", IF( (COUNTIFS(Winner, A5, Loser, M$1, Season, $A$1) + COUNTIFS(Winner, M$1, Loser, A5, Season, $A$1)) = 0, "", COUNTIFS(Winner, A5, Loser, M$1, Season, $A$1) / (COUNTIFS(Winner, A5, Loser, M$1, Season, $A$1) + COUNTIFS(Winner, M$1, Loser, A5, Season, $A$1)) ) )
A6: Mitch | B6: =IF(A6=B$1, "", IF( (COUNTIFS(Winner, A6, Loser, B$1, Season, $A$1) + COUNTIFS(Winner, B$1, Loser, A6, Season, $A$1)) = 0, "", COUNTIFS(Winner, A6, Loser, B$1, Season, $A$1) / (COUNTIFS(Winner, A6, Loser, B$1, Season, $A$1) + COUNTIFS(Winner, B$1, Loser, A6, Season, $A$1)) ) ) -> 1 | C6: =IF(A6=C$1, "", IF( (COUNTIFS(Winner, A6, Loser, C$1, Season, $A$1) + COUNTIFS(Winner, C$1, Loser, A6, Season, $A$1)) = 0, "", COUNTIFS(Winner, A6, Loser, C$1, Season, $A$1) / (COUNTIFS(Winner, A6, Loser, C$1, Season, $A$1) + COUNTIFS(Winner, C$1, Loser, A6, Season, $A$1)) ) ) -> 0.5 | D6: =IF(A6=D$1, "", IF( (COUNTIFS(Winner, A6, Loser, D$1, Season, $A$1) + COUNTIFS(Winner, D$1, Loser, A6, Season, $A$1)) = 0, "", COUNTIFS(Winner, A6, Loser, D$1, Season, $A$1) / (COUNTIFS(Winner, A6, Loser, D$1, Season, $A$1) + COUNTIFS(Winner, D$1, Loser, A6, Season, $A$1)) ) ) -> 0.33333333 | E6: =IF(A6=E$1, "", IF( (COUNTIFS(Winner, A6, Loser, E$1, Season, $A$1) + COUNTIFS(Winner, E$1, Loser, A6, Season, $A$1)) = 0, "", COUNTIFS(Winner, A6, Loser, E$1, Season, $A$1) / (COUNTIFS(Winner, A6, Loser, E$1, Season, $A$1) + COUNTIFS(Winner, E$1, Loser, A6, Season, $A$1)) ) ) -> 0 | F6: =IF(A6=F$1, "", IF( (COUNTIFS(Winner, A6, Loser, F$1, Season, $A$1) + COUNTIFS(Winner, F$1, Loser, A6, Season, $A$1)) = 0, "", COUNTIFS(Winner, A6, Loser, F$1, Season, $A$1) / (COUNTIFS(Winner, A6, Loser, F$1, Season, $A$1) + COUNTIFS(Winner, F$1, Loser, A6, Season, $A$1)) ) ) | G6: =IF(A6=G$1, "", IF( (COUNTIFS(Winner, A6, Loser, G$1, Season, $A$1) + COUNTIFS(Winner, G$1, Loser, A6, Season, $A$1)) = 0, "", COUNTIFS(Winner, A6, Loser, G$1, Season, $A$1) / (COUNTIFS(Winner, A6, Loser, G$1, Season, $A$1) + COUNTIFS(Winner, G$1, Loser, A6, Season, $A$1)) ) ) -> 1 | H6: =IF(A6=H$1, "", IF( (COUNTIFS(Winner, A6, Loser, H$1, Season, $A$1) + COUNTIFS(Winner, H$1, Loser, A6, Season, $A$1)) = 0, "", COUNTIFS(Winner, A6, Loser, H$1, Season, $A$1) / (COUNTIFS(Winner, A6, Loser, H$1, Season, $A$1) + COUNTIFS(Winner, H$1, Loser, A6, Season, $A$1)) ) ) -> 0 | I6: =IF(A6=I$1, "", IF( (COUNTIFS(Winner, A6, Loser, I$1, Season, $A$1) + COUNTIFS(Winner, I$1, Loser, A6, Season, $A$1)) = 0, "", COUNTIFS(Winner, A6, Loser, I$1, Season, $A$1) / (COUNTIFS(Winner, A6, Loser, I$1, Season, $A$1) + COUNTIFS(Winner, I$1, Loser, A6, Season, $A$1)) ) ) -> 0.5 | J6: =IF(A6=J$1, "", IF( (COUNTIFS(Winner, A6, Loser, J$1, Season, $A$1) + COUNTIFS(Winner, J$1, Loser, A6, Season, $A$1)) = 0, "", COUNTIFS(Winner, A6, Loser, J$1, Season, $A$1) / (COUNTIFS(Winner, A6, Loser, J$1, Season, $A$1) + COUNTIFS(Winner, J$1, Loser, A6, Season, $A$1)) ) ) -> 0.5 | K6: =IF(A6=K$1, "", IF( (COUNTIFS(Winner, A6, Loser, K$1, Season, $A$1) + COUNTIFS(Winner, K$1, Loser, A6, Season, $A$1)) = 0, "", COUNTIFS(Winner, A6, Loser, K$1, Season, $A$1) / (COUNTIFS(Winner, A6, Loser, K$1, Season, $A$1) + COUNTIFS(Winner, K$1, Loser, A6, Season, $A$1)) ) ) -> 1 | L6: =IF(A6=L$1, "", IF( (COUNTIFS(Winner, A6, Loser, L$1, Season, $A$1) + COUNTIFS(Winner, L$1, Loser, A6, Season, $A$1)) = 0, "", COUNTIFS(Winner, A6, Loser, L$1, Season, $A$1) / (COUNTIFS(Winner, A6, Loser, L$1, Season, $A$1) + COUNTIFS(Winner, L$1, Loser, A6, Season, $A$1)) ) ) | M6: =IF(A6=M$1, "", IF( (COUNTIFS(Winner, A6, Loser, M$1, Season, $A$1) + COUNTIFS(Winner, M$1, Loser, A6, Season, $A$1)) = 0, "", COUNTIFS(Winner, A6, Loser, M$1, Season, $A$1) / (COUNTIFS(Winner, A6, Loser, M$1, Season, $A$1) + COUNTIFS(Winner, M$1, Loser, A6, Season, $A$1)) ) )
A7: Jacob | B7: =IF(A7=B$1, "", IF( (COUNTIFS(Winner, A7, Loser, B$1, Season, $A$1) + COUNTIFS(Winner, B$1, Loser, A7, Season, $A$1)) = 0, "", COUNTIFS(Winner, A7, Loser, B$1, Season, $A$1) / (COUNTIFS(Winner, A7, Loser, B$1, Season, $A$1) + COUNTIFS(Winner, B$1, Loser, A7, Season, $A$1)) ) ) -> 0 | C7: =IF(A7=C$1, "", IF( (COUNTIFS(Winner, A7, Loser, C$1, Season, $A$1) + COUNTIFS(Winner, C$1, Loser, A7, Season, $A$1)) = 0, "", COUNTIFS(Winner, A7, Loser, C$1, Season, $A$1) / (COUNTIFS(Winner, A7, Loser, C$1, Season, $A$1) + COUNTIFS(Winner, C$1, Loser, A7, Season, $A$1)) ) ) -> 0.5 | D7: =IF(A7=D$1, "", IF( (COUNTIFS(Winner, A7, Loser, D$1, Season, $A$1) + COUNTIFS(Winner, D$1, Loser, A7, Season, $A$1)) = 0, "", COUNTIFS(Winner, A7, Loser, D$1, Season, $A$1) / (COUNTIFS(Winner, A7, Loser, D$1, Season, $A$1) + COUNTIFS(Winner, D$1, Loser, A7, Season, $A$1)) ) ) -> 0.5 | E7: =IF(A7=E$1, "", IF( (COUNTIFS(Winner, A7, Loser, E$1, Season, $A$1) + COUNTIFS(Winner, E$1, Loser, A7, Season, $A$1)) = 0, "", COUNTIFS(Winner, A7, Loser, E$1, Season, $A$1) / (COUNTIFS(Winner, A7, Loser, E$1, Season, $A$1) + COUNTIFS(Winner, E$1, Loser, A7, Season, $A$1)) ) ) -> 1 | F7: =IF(A7=F$1, "", IF( (COUNTIFS(Winner, A7, Loser, F$1, Season, $A$1) + COUNTIFS(Winner, F$1, Loser, A7, Season, $A$1)) = 0, "", COUNTIFS(Winner, A7, Loser, F$1, Season, $A$1) / (COUNTIFS(Winner, A7, Loser, F$1, Season, $A$1) + COUNTIFS(Winner, F$1, Loser, A7, Season, $A$1)) ) ) -> 0 | G7: =IF(A7=G$1, "", IF( (COUNTIFS(Winner, A7, Loser, G$1, Season, $A$1) + COUNTIFS(Winner, G$1, Loser, A7, Season, $A$1)) = 0, "", COUNTIFS(Winner, A7, Loser, G$1, Season, $A$1) / (COUNTIFS(Winner, A7, Loser, G$1, Season, $A$1) + COUNTIFS(Winner, G$1, Loser, A7, Season, $A$1)) ) ) | H7: =IF(A7=H$1, "", IF( (COUNTIFS(Winner, A7, Loser, H$1, Season, $A$1) + COUNTIFS(Winner, H$1, Loser, A7, Season, $A$1)) = 0, "", COUNTIFS(Winner, A7, Loser, H$1, Season, $A$1) / (COUNTIFS(Winner, A7, Loser, H$1, Season, $A$1) + COUNTIFS(Winner, H$1, Loser, A7, Season, $A$1)) ) ) -> 1 | I7: =IF(A7=I$1, "", IF( (COUNTIFS(Winner, A7, Loser, I$1, Season, $A$1) + COUNTIFS(Winner, I$1, Loser, A7, Season, $A$1)) = 0, "", COUNTIFS(Winner, A7, Loser, I$1, Season, $A$1) / (COUNTIFS(Winner, A7, Loser, I$1, Season, $A$1) + COUNTIFS(Winner, I$1, Loser, A7, Season, $A$1)) ) ) -> 1 | J7: =IF(A7=J$1, "", IF( (COUNTIFS(Winner, A7, Loser, J$1, Season, $A$1) + COUNTIFS(Winner, J$1, Loser, A7, Season, $A$1)) = 0, "", COUNTIFS(Winner, A7, Loser, J$1, Season, $A$1) / (COUNTIFS(Winner, A7, Loser, J$1, Season, $A$1) + COUNTIFS(Winner, J$1, Loser, A7, Season, $A$1)) ) ) -> 0.5 | K7: =IF(A7=K$1, "", IF( (COUNTIFS(Winner, A7, Loser, K$1, Season, $A$1) + COUNTIFS(Winner, K$1, Loser, A7, Season, $A$1)) = 0, "", COUNTIFS(Winner, A7, Loser, K$1, Season, $A$1) / (COUNTIFS(Winner, A7, Loser, K$1, Season, $A$1) + COUNTIFS(Winner, K$1, Loser, A7, Season, $A$1)) ) ) -> 1 | L7: =IF(A7=L$1, "", IF( (COUNTIFS(Winner, A7, Loser, L$1, Season, $A$1) + COUNTIFS(Winner, L$1, Loser, A7, Season, $A$1)) = 0, "", COUNTIFS(Winner, A7, Loser, L$1, Season, $A$1) / (COUNTIFS(Winner, A7, Loser, L$1, Season, $A$1) + COUNTIFS(Winner, L$1, Loser, A7, Season, $A$1)) ) ) | M7: =IF(A7=M$1, "", IF( (COUNTIFS(Winner, A7, Loser, M$1, Season, $A$1) + COUNTIFS(Winner, M$1, Loser, A7, Season, $A$1)) = 0, "", COUNTIFS(Winner, A7, Loser, M$1, Season, $A$1) / (COUNTIFS(Winner, A7, Loser, M$1, Season, $A$1) + COUNTIFS(Winner, M$1, Loser, A7, Season, $A$1)) ) )
A8: Andrew | B8: =IF(A8=B$1, "", IF( (COUNTIFS(Winner, A8, Loser, B$1, Season, $A$1) + COUNTIFS(Winner, B$1, Loser, A8, Season, $A$1)) = 0, "", COUNTIFS(Winner, A8, Loser, B$1, Season, $A$1) / (COUNTIFS(Winner, A8, Loser, B$1, Season, $A$1) + COUNTIFS(Winner, B$1, Loser, A8, Season, $A$1)) ) ) -> 0 | C8: =IF(A8=C$1, "", IF( (COUNTIFS(Winner, A8, Loser, C$1, Season, $A$1) + COUNTIFS(Winner, C$1, Loser, A8, Season, $A$1)) = 0, "", COUNTIFS(Winner, A8, Loser, C$1, Season, $A$1) / (COUNTIFS(Winner, A8, Loser, C$1, Season, $A$1) + COUNTIFS(Winner, C$1, Loser, A8, Season, $A$1)) ) ) -> 1 | D8: =IF(A8=D$1, "", IF( (COUNTIFS(Winner, A8, Loser, D$1, Season, $A$1) + COUNTIFS(Winner, D$1, Loser, A8, Season, $A$1)) = 0, "", COUNTIFS(Winner, A8, Loser, D$1, Season, $A$1) / (COUNTIFS(Winner, A8, Loser, D$1, Season, $A$1) + COUNTIFS(Winner, D$1, Loser, A8, Season, $A$1)) ) ) -> 1 | E8: =IF(A8=E$1, "", IF( (COUNTIFS(Winner, A8, Loser, E$1, Season, $A$1) + COUNTIFS(Winner, E$1, Loser, A8, Season, $A$1)) = 0, "", COUNTIFS(Winner, A8, Loser, E$1, Season, $A$1) / (COUNTIFS(Winner, A8, Loser, E$1, Season, $A$1) + COUNTIFS(Winner, E$1, Loser, A8, Season, $A$1)) ) ) -> 1 | F8: =IF(A8=F$1, "", IF( (COUNTIFS(Winner, A8, Loser, F$1, Season, $A$1) + COUNTIFS(Winner, F$1, Loser, A8, Season, $A$1)) = 0, "", COUNTIFS(Winner, A8, Loser, F$1, Season, $A$1) / (COUNTIFS(Winner, A8, Loser, F$1, Season, $A$1) + COUNTIFS(Winner, F$1, Loser, A8, Season, $A$1)) ) ) -> 1 | G8: =IF(A8=G$1, "", IF( (COUNTIFS(Winner, A8, Loser, G$1, Season, $A$1) + COUNTIFS(Winner, G$1, Loser, A8, Season, $A$1)) = 0, "", COUNTIFS(Winner, A8, Loser, G$1, Season, $A$1) / (COUNTIFS(Winner, A8, Loser, G$1, Season, $A$1) + COUNTIFS(Winner, G$1, Loser, A8, Season, $A$1)) ) ) -> 0 | H8: =IF(A8=H$1, "", IF( (COUNTIFS(Winner, A8, Loser, H$1, Season, $A$1) + COUNTIFS(Winner, H$1, Loser, A8, Season, $A$1)) = 0, "", COUNTIFS(Winner, A8, Loser, H$1, Season, $A$1) / (COUNTIFS(Winner, A8, Loser, H$1, Season, $A$1) + COUNTIFS(Winner, H$1, Loser, A8, Season, $A$1)) ) ) | I8: =IF(A8=I$1, "", IF( (COUNTIFS(Winner, A8, Loser, I$1, Season, $A$1) + COUNTIFS(Winner, I$1, Loser, A8, Season, $A$1)) = 0, "", COUNTIFS(Winner, A8, Loser, I$1, Season, $A$1) / (COUNTIFS(Winner, A8, Loser, I$1, Season, $A$1) + COUNTIFS(Winner, I$1, Loser, A8, Season, $A$1)) ) ) -> 1 | J8: =IF(A8=J$1, "", IF( (COUNTIFS(Winner, A8, Loser, J$1, Season, $A$1) + COUNTIFS(Winner, J$1, Loser, A8, Season, $A$1)) = 0, "", COUNTIFS(Winner, A8, Loser, J$1, Season, $A$1) / (COUNTIFS(Winner, A8, Loser, J$1, Season, $A$1) + COUNTIFS(Winner, J$1, Loser, A8, Season, $A$1)) ) ) -> 0 | K8: =IF(A8=K$1, "", IF( (COUNTIFS(Winner, A8, Loser, K$1, Season, $A$1) + COUNTIFS(Winner, K$1, Loser, A8, Season, $A$1)) = 0, "", COUNTIFS(Winner, A8, Loser, K$1, Season, $A$1) / (COUNTIFS(Winner, A8, Loser, K$1, Season, $A$1) + COUNTIFS(Winner, K$1, Loser, A8, Season, $A$1)) ) ) -> 0.5 | L8: =IF(A8=L$1, "", IF( (COUNTIFS(Winner, A8, Loser, L$1, Season, $A$1) + COUNTIFS(Winner, L$1, Loser, A8, Season, $A$1)) = 0, "", COUNTIFS(Winner, A8, Loser, L$1, Season, $A$1) / (COUNTIFS(Winner, A8, Loser, L$1, Season, $A$1) + COUNTIFS(Winner, L$1, Loser, A8, Season, $A$1)) ) ) | M8: =IF(A8=M$1, "", IF( (COUNTIFS(Winner, A8, Loser, M$1, Season, $A$1) + COUNTIFS(Winner, M$1, Loser, A8, Season, $A$1)) = 0, "", COUNTIFS(Winner, A8, Loser, M$1, Season, $A$1) / (COUNTIFS(Winner, A8, Loser, M$1, Season, $A$1) + COUNTIFS(Winner, M$1, Loser, A8, Season, $A$1)) ) )
A9: Raghav | B9: =IF(A9=B$1, "", IF( (COUNTIFS(Winner, A9, Loser, B$1, Season, $A$1) + COUNTIFS(Winner, B$1, Loser, A9, Season, $A$1)) = 0, "", COUNTIFS(Winner, A9, Loser, B$1, Season, $A$1) / (COUNTIFS(Winner, A9, Loser, B$1, Season, $A$1) + COUNTIFS(Winner, B$1, Loser, A9, Season, $A$1)) ) ) | C9: =IF(A9=C$1, "", IF( (COUNTIFS(Winner, A9, Loser, C$1, Season, $A$1) + COUNTIFS(Winner, C$1, Loser, A9, Season, $A$1)) = 0, "", COUNTIFS(Winner, A9, Loser, C$1, Season, $A$1) / (COUNTIFS(Winner, A9, Loser, C$1, Season, $A$1) + COUNTIFS(Winner, C$1, Loser, A9, Season, $A$1)) ) ) | D9: =IF(A9=D$1, "", IF( (COUNTIFS(Winner, A9, Loser, D$1, Season, $A$1) + COUNTIFS(Winner, D$1, Loser, A9, Season, $A$1)) = 0, "", COUNTIFS(Winner, A9, Loser, D$1, Season, $A$1) / (COUNTIFS(Winner, A9, Loser, D$1, Season, $A$1) + COUNTIFS(Winner, D$1, Loser, A9, Season, $A$1)) ) ) | E9: =IF(A9=E$1, "", IF( (COUNTIFS(Winner, A9, Loser, E$1, Season, $A$1) + COUNTIFS(Winner, E$1, Loser, A9, Season, $A$1)) = 0, "", COUNTIFS(Winner, A9, Loser, E$1, Season, $A$1) / (COUNTIFS(Winner, A9, Loser, E$1, Season, $A$1) + COUNTIFS(Winner, E$1, Loser, A9, Season, $A$1)) ) ) | F9: =IF(A9=F$1, "", IF( (COUNTIFS(Winner, A9, Loser, F$1, Season, $A$1) + COUNTIFS(Winner, F$1, Loser, A9, Season, $A$1)) = 0, "", COUNTIFS(Winner, A9, Loser, F$1, Season, $A$1) / (COUNTIFS(Winner, A9, Loser, F$1, Season, $A$1) + COUNTIFS(Winner, F$1, Loser, A9, Season, $A$1)) ) ) | G9: =IF(A9=G$1, "", IF( (COUNTIFS(Winner, A9, Loser, G$1, Season, $A$1) + COUNTIFS(Winner, G$1, Loser, A9, Season, $A$1)) = 0, "", COUNTIFS(Winner, A9, Loser, G$1, Season, $A$1) / (COUNTIFS(Winner, A9, Loser, G$1, Season, $A$1) + COUNTIFS(Winner, G$1, Loser, A9, Season, $A$1)) ) ) | H9: =IF(A9=H$1, "", IF( (COUNTIFS(Winner, A9, Loser, H$1, Season, $A$1) + COUNTIFS(Winner, H$1, Loser, A9, Season, $A$1)) = 0, "", COUNTIFS(Winner, A9, Loser, H$1, Season, $A$1) / (COUNTIFS(Winner, A9, Loser, H$1, Season, $A$1) + COUNTIFS(Winner, H$1, Loser, A9, Season, $A$1)) ) ) | I9: =IF(A9=I$1, "", IF( (COUNTIFS(Winner, A9, Loser, I$1, Season, $A$1) + COUNTIFS(Winner, I$1, Loser, A9, Season, $A$1)) = 0, "", COUNTIFS(Winner, A9, Loser, I$1, Season, $A$1) / (COUNTIFS(Winner, A9, Loser, I$1, Season, $A$1) + COUNTIFS(Winner, I$1, Loser, A9, Season, $A$1)) ) ) | J9: =IF(A9=J$1, "", IF( (COUNTIFS(Winner, A9, Loser, J$1, Season, $A$1) + COUNTIFS(Winner, J$1, Loser, A9, Season, $A$1)) = 0, "", COUNTIFS(Winner, A9, Loser, J$1, Season, $A$1) / (COUNTIFS(Winner, A9, Loser, J$1, Season, $A$1) + COUNTIFS(Winner, J$1, Loser, A9, Season, $A$1)) ) ) | K9: =IF(A9=K$1, "", IF( (COUNTIFS(Winner, A9, Loser, K$1, Season, $A$1) + COUNTIFS(Winner, K$1, Loser, A9, Season, $A$1)) = 0, "", COUNTIFS(Winner, A9, Loser, K$1, Season, $A$1) / (COUNTIFS(Winner, A9, Loser, K$1, Season, $A$1) + COUNTIFS(Winner, K$1, Loser, A9, Season, $A$1)) ) ) | L9: =IF(A9=L$1, "", IF( (COUNTIFS(Winner, A9, Loser, L$1, Season, $A$1) + COUNTIFS(Winner, L$1, Loser, A9, Season, $A$1)) = 0, "", COUNTIFS(Winner, A9, Loser, L$1, Season, $A$1) / (COUNTIFS(Winner, A9, Loser, L$1, Season, $A$1) + COUNTIFS(Winner, L$1, Loser, A9, Season, $A$1)) ) ) | M9: =IF(A9=M$1, "", IF( (COUNTIFS(Winner, A9, Loser, M$1, Season, $A$1) + COUNTIFS(Winner, M$1, Loser, A9, Season, $A$1)) = 0, "", COUNTIFS(Winner, A9, Loser, M$1, Season, $A$1) / (COUNTIFS(Winner, A9, Loser, M$1, Season, $A$1) + COUNTIFS(Winner, M$1, Loser, A9, Season, $A$1)) ) )
A10: Connor | B10: =IF(A10=B$1, "", IF( (COUNTIFS(Winner, A10, Loser, B$1, Season, $A$1) + COUNTIFS(Winner, B$1, Loser, A10, Season, $A$1)) = 0, "", COUNTIFS(Winner, A10, Loser, B$1, Season, $A$1) / (COUNTIFS(Winner, A10, Loser, B$1, Season, $A$1) + COUNTIFS(Winner, B$1, Loser, A10, Season, $A$1)) ) ) -> 0 | C10: =IF(A10=C$1, "", IF( (COUNTIFS(Winner, A10, Loser, C$1, Season, $A$1) + COUNTIFS(Winner, C$1, Loser, A10, Season, $A$1)) = 0, "", COUNTIFS(Winner, A10, Loser, C$1, Season, $A$1) / (COUNTIFS(Winner, A10, Loser, C$1, Season, $A$1) + COUNTIFS(Winner, C$1, Loser, A10, Season, $A$1)) ) ) -> 0 | D10: =IF(A10=D$1, "", IF( (COUNTIFS(Winner, A10, Loser, D$1, Season, $A$1) + COUNTIFS(Winner, D$1, Loser, A10, Season, $A$1)) = 0, "", COUNTIFS(Winner, A10, Loser, D$1, Season, $A$1) / (COUNTIFS(Winner, A10, Loser, D$1, Season, $A$1) + COUNTIFS(Winner, D$1, Loser, A10, Season, $A$1)) ) ) -> 0 | E10: =IF(A10=E$1, "", IF( (COUNTIFS(Winner, A10, Loser, E$1, Season, $A$1) + COUNTIFS(Winner, E$1, Loser, A10, Season, $A$1)) = 0, "", COUNTIFS(Winner, A10, Loser, E$1, Season, $A$1) / (COUNTIFS(Winner, A10, Loser, E$1, Season, $A$1) + COUNTIFS(Winner, E$1, Loser, A10, Season, $A$1)) ) ) -> 1 | F10: =IF(A10=F$1, "", IF( (COUNTIFS(Winner, A10, Loser, F$1, Season, $A$1) + COUNTIFS(Winner, F$1, Loser, A10, Season, $A$1)) = 0, "", COUNTIFS(Winner, A10, Loser, F$1, Season, $A$1) / (COUNTIFS(Winner, A10, Loser, F$1, Season, $A$1) + COUNTIFS(Winner, F$1, Loser, A10, Season, $A$1)) ) ) -> 0.5 | G10: =IF(A10=G$1, "", IF( (COUNTIFS(Winner, A10, Loser, G$1, Season, $A$1) + COUNTIFS(Winner, G$1, Loser, A10, Season, $A$1)) = 0, "", COUNTIFS(Winner, A10, Loser, G$1, Season, $A$1) / (COUNTIFS(Winner, A10, Loser, G$1, Season, $A$1) + COUNTIFS(Winner, G$1, Loser, A10, Season, $A$1)) ) ) -> 0 | H10: =IF(A10=H$1, "", IF( (COUNTIFS(Winner, A10, Loser, H$1, Season, $A$1) + COUNTIFS(Winner, H$1, Loser, A10, Season, $A$1)) = 0, "", COUNTIFS(Winner, A10, Loser, H$1, Season, $A$1) / (COUNTIFS(Winner, A10, Loser, H$1, Season, $A$1) + COUNTIFS(Winner, H$1, Loser, A10, Season, $A$1)) ) ) -> 0 | I10: =IF(A10=I$1, "", IF( (COUNTIFS(Winner, A10, Loser, I$1, Season, $A$1) + COUNTIFS(Winner, I$1, Loser, A10, Season, $A$1)) = 0, "", COUNTIFS(Winner, A10, Loser, I$1, Season, $A$1) / (COUNTIFS(Winner, A10, Loser, I$1, Season, $A$1) + COUNTIFS(Winner, I$1, Loser, A10, Season, $A$1)) ) ) | J10: =IF(A10=J$1, "", IF( (COUNTIFS(Winner, A10, Loser, J$1, Season, $A$1) + COUNTIFS(Winner, J$1, Loser, A10, Season, $A$1)) = 0, "", COUNTIFS(Winner, A10, Loser, J$1, Season, $A$1) / (COUNTIFS(Winner, A10, Loser, J$1, Season, $A$1) + COUNTIFS(Winner, J$1, Loser, A10, Season, $A$1)) ) ) -> 0 | K10: =IF(A10=K$1, "", IF( (COUNTIFS(Winner, A10, Loser, K$1, Season, $A$1) + COUNTIFS(Winner, K$1, Loser, A10, Season, $A$1)) = 0, "", COUNTIFS(Winner, A10, Loser, K$1, Season, $A$1) / (COUNTIFS(Winner, A10, Loser, K$1, Season, $A$1) + COUNTIFS(Winner, K$1, Loser, A10, Season, $A$1)) ) ) -> 0.5 | L10: =IF(A10=L$1, "", IF( (COUNTIFS(Winner, A10, Loser, L$1, Season, $A$1) + COUNTIFS(Winner, L$1, Loser, A10, Season, $A$1)) = 0, "", COUNTIFS(Winner, A10, Loser, L$1, Season, $A$1) / (COUNTIFS(Winner, A10, Loser, L$1, Season, $A$1) + COUNTIFS(Winner, L$1, Loser, A10, Season, $A$1)) ) ) | M10: =IF(A10=M$1, "", IF( (COUNTIFS(Winner, A10, Loser, M$1, Season, $A$1) + COUNTIFS(Winner, M$1, Loser, A10, Season, $A$1)) = 0, "", COUNTIFS(Winner, A10, Loser, M$1, Season, $A$1) / (COUNTIFS(Winner, A10, Loser, M$1, Season, $A$1) + COUNTIFS(Winner, M$1, Loser, A10, Season, $A$1)) ) )
A11: Kyle | B11: =IF(A11=B$1, "", IF( (COUNTIFS(Winner, A11, Loser, B$1, Season, $A$1) + COUNTIFS(Winner, B$1, Loser, A11, Season, $A$1)) = 0, "", COUNTIFS(Winner, A11, Loser, B$1, Season, $A$1) / (COUNTIFS(Winner, A11, Loser, B$1, Season, $A$1) + COUNTIFS(Winner, B$1, Loser, A11, Season, $A$1)) ) ) -> 0.5 | C11: =IF(A11=C$1, "", IF( (COUNTIFS(Winner, A11, Loser, C$1, Season, $A$1) + COUNTIFS(Winner, C$1, Loser, A11, Season, $A$1)) = 0, "", COUNTIFS(Winner, A11, Loser, C$1, Season, $A$1) / (COUNTIFS(Winner, A11, Loser, C$1, Season, $A$1) + COUNTIFS(Winner, C$1, Loser, A11, Season, $A$1)) ) ) -> 0 | D11: =IF(A11=D$1, "", IF( (COUNTIFS(Winner, A11, Loser, D$1, Season, $A$1) + COUNTIFS(Winner, D$1, Loser, A11, Season, $A$1)) = 0, "", COUNTIFS(Winner, A11, Loser, D$1, Season, $A$1) / (COUNTIFS(Winner, A11, Loser, D$1, Season, $A$1) + COUNTIFS(Winner, D$1, Loser, A11, Season, $A$1)) ) ) -> 0.33333333 | E11: =IF(A11=E$1, "", IF( (COUNTIFS(Winner, A11, Loser, E$1, Season, $A$1) + COUNTIFS(Winner, E$1, Loser, A11, Season, $A$1)) = 0, "", COUNTIFS(Winner, A11, Loser, E$1, Season, $A$1) / (COUNTIFS(Winner, A11, Loser, E$1, Season, $A$1) + COUNTIFS(Winner, E$1, Loser, A11, Season, $A$1)) ) ) -> 0.5 | F11: =IF(A11=F$1, "", IF( (COUNTIFS(Winner, A11, Loser, F$1, Season, $A$1) + COUNTIFS(Winner, F$1, Loser, A11, Season, $A$1)) = 0, "", COUNTIFS(Winner, A11, Loser, F$1, Season, $A$1) / (COUNTIFS(Winner, A11, Loser, F$1, Season, $A$1) + COUNTIFS(Winner, F$1, Loser, A11, Season, $A$1)) ) ) -> 0.5 | G11: =IF(A11=G$1, "", IF( (COUNTIFS(Winner, A11, Loser, G$1, Season, $A$1) + COUNTIFS(Winner, G$1, Loser, A11, Season, $A$1)) = 0, "", COUNTIFS(Winner, A11, Loser, G$1, Season, $A$1) / (COUNTIFS(Winner, A11, Loser, G$1, Season, $A$1) + COUNTIFS(Winner, G$1, Loser, A11, Season, $A$1)) ) ) -> 0.5 | H11: =IF(A11=H$1, "", IF( (COUNTIFS(Winner, A11, Loser, H$1, Season, $A$1) + COUNTIFS(Winner, H$1, Loser, A11, Season, $A$1)) = 0, "", COUNTIFS(Winner, A11, Loser, H$1, Season, $A$1) / (COUNTIFS(Winner, A11, Loser, H$1, Season, $A$1) + COUNTIFS(Winner, H$1, Loser, A11, Season, $A$1)) ) ) -> 1 | I11: =IF(A11=I$1, "", IF( (COUNTIFS(Winner, A11, Loser, I$1, Season, $A$1) + COUNTIFS(Winner, I$1, Loser, A11, Season, $A$1)) = 0, "", COUNTIFS(Winner, A11, Loser, I$1, Season, $A$1) / (COUNTIFS(Winner, A11, Loser, I$1, Season, $A$1) + COUNTIFS(Winner, I$1, Loser, A11, Season, $A$1)) ) ) -> 1 | J11: =IF(A11=J$1, "", IF( (COUNTIFS(Winner, A11, Loser, J$1, Season, $A$1) + COUNTIFS(Winner, J$1, Loser, A11, Season, $A$1)) = 0, "", COUNTIFS(Winner, A11, Loser, J$1, Season, $A$1) / (COUNTIFS(Winner, A11, Loser, J$1, Season, $A$1) + COUNTIFS(Winner, J$1, Loser, A11, Season, $A$1)) ) ) | K11: =IF(A11=K$1, "", IF( (COUNTIFS(Winner, A11, Loser, K$1, Season, $A$1) + COUNTIFS(Winner, K$1, Loser, A11, Season, $A$1)) = 0, "", COUNTIFS(Winner, A11, Loser, K$1, Season, $A$1) / (COUNTIFS(Winner, A11, Loser, K$1, Season, $A$1) + COUNTIFS(Winner, K$1, Loser, A11, Season, $A$1)) ) ) -> 1 | L11: =IF(A11=L$1, "", IF( (COUNTIFS(Winner, A11, Loser, L$1, Season, $A$1) + COUNTIFS(Winner, L$1, Loser, A11, Season, $A$1)) = 0, "", COUNTIFS(Winner, A11, Loser, L$1, Season, $A$1) / (COUNTIFS(Winner, A11, Loser, L$1, Season, $A$1) + COUNTIFS(Winner, L$1, Loser, A11, Season, $A$1)) ) ) | M11: =IF(A11=M$1, "", IF( (COUNTIFS(Winner, A11, Loser, M$1, Season, $A$1) + COUNTIFS(Winner, M$1, Loser, A11, Season, $A$1)) = 0, "", COUNTIFS(Winner, A11, Loser, M$1, Season, $A$1) / (COUNTIFS(Winner, A11, Loser, M$1, Season, $A$1) + COUNTIFS(Winner, M$1, Loser, A11, Season, $A$1)) ) )
A12: Michael | B12: =IF(A12=B$1, "", IF( (COUNTIFS(Winner, A12, Loser, B$1, Season, $A$1) + COUNTIFS(Winner, B$1, Loser, A12, Season, $A$1)) = 0, "", COUNTIFS(Winner, A12, Loser, B$1, Season, $A$1) / (COUNTIFS(Winner, A12, Loser, B$1, Season, $A$1) + COUNTIFS(Winner, B$1, Loser, A12, Season, $A$1)) ) ) | C12: =IF(A12=C$1, "", IF( (COUNTIFS(Winner, A12, Loser, C$1, Season, $A$1) + COUNTIFS(Winner, C$1, Loser, A12, Season, $A$1)) = 0, "", COUNTIFS(Winner, A12, Loser, C$1, Season, $A$1) / (COUNTIFS(Winner, A12, Loser, C$1, Season, $A$1) + COUNTIFS(Winner, C$1, Loser, A12, Season, $A$1)) ) ) | D12: =IF(A12=D$1, "", IF( (COUNTIFS(Winner, A12, Loser, D$1, Season, $A$1) + COUNTIFS(Winner, D$1, Loser, A12, Season, $A$1)) = 0, "", COUNTIFS(Winner, A12, Loser, D$1, Season, $A$1) / (COUNTIFS(Winner, A12, Loser, D$1, Season, $A$1) + COUNTIFS(Winner, D$1, Loser, A12, Season, $A$1)) ) ) | E12: =IF(A12=E$1, "", IF( (COUNTIFS(Winner, A12, Loser, E$1, Season, $A$1) + COUNTIFS(Winner, E$1, Loser, A12, Season, $A$1)) = 0, "", COUNTIFS(Winner, A12, Loser, E$1, Season, $A$1) / (COUNTIFS(Winner, A12, Loser, E$1, Season, $A$1) + COUNTIFS(Winner, E$1, Loser, A12, Season, $A$1)) ) ) | F12: =IF(A12=F$1, "", IF( (COUNTIFS(Winner, A12, Loser, F$1, Season, $A$1) + COUNTIFS(Winner, F$1, Loser, A12, Season, $A$1)) = 0, "", COUNTIFS(Winner, A12, Loser, F$1, Season, $A$1) / (COUNTIFS(Winner, A12, Loser, F$1, Season, $A$1) + COUNTIFS(Winner, F$1, Loser, A12, Season, $A$1)) ) ) | G12: =IF(A12=G$1, "", IF( (COUNTIFS(Winner, A12, Loser, G$1, Season, $A$1) + COUNTIFS(Winner, G$1, Loser, A12, Season, $A$1)) = 0, "", COUNTIFS(Winner, A12, Loser, G$1, Season, $A$1) / (COUNTIFS(Winner, A12, Loser, G$1, Season, $A$1) + COUNTIFS(Winner, G$1, Loser, A12, Season, $A$1)) ) ) | H12: =IF(A12=H$1, "", IF( (COUNTIFS(Winner, A12, Loser, H$1, Season, $A$1) + COUNTIFS(Winner, H$1, Loser, A12, Season, $A$1)) = 0, "", COUNTIFS(Winner, A12, Loser, H$1, Season, $A$1) / (COUNTIFS(Winner, A12, Loser, H$1, Season, $A$1) + COUNTIFS(Winner, H$1, Loser, A12, Season, $A$1)) ) ) | I12: =IF(A12=I$1, "", IF( (COUNTIFS(Winner, A12, Loser, I$1, Season, $A$1) + COUNTIFS(Winner, I$1, Loser, A12, Season, $A$1)) = 0, "", COUNTIFS(Winner, A12, Loser, I$1, Season, $A$1) / (COUNTIFS(Winner, A12, Loser, I$1, Season, $A$1) + COUNTIFS(Winner, I$1, Loser, A12, Season, $A$1)) ) ) | J12: =IF(A12=J$1, "", IF( (COUNTIFS(Winner, A12, Loser, J$1, Season, $A$1) + COUNTIFS(Winner, J$1, Loser, A12, Season, $A$1)) = 0, "", COUNTIFS(Winner, A12, Loser, J$1, Season, $A$1) / (COUNTIFS(Winner, A12, Loser, J$1, Season, $A$1) + COUNTIFS(Winner, J$1, Loser, A12, Season, $A$1)) ) ) | K12: =IF(A12=K$1, "", IF( (COUNTIFS(Winner, A12, Loser, K$1, Season, $A$1) + COUNTIFS(Winner, K$1, Loser, A12, Season, $A$1)) = 0, "", COUNTIFS(Winner, A12, Loser, K$1, Season, $A$1) / (COUNTIFS(Winner, A12, Loser, K$1, Season, $A$1) + COUNTIFS(Winner, K$1, Loser, A12, Season, $A$1)) ) ) | L12: =IF(A12=L$1, "", IF( (COUNTIFS(Winner, A12, Loser, L$1, Season, $A$1) + COUNTIFS(Winner, L$1, Loser, A12, Season, $A$1)) = 0, "", COUNTIFS(Winner, A12, Loser, L$1, Season, $A$1) / (COUNTIFS(Winner, A12, Loser, L$1, Season, $A$1) + COUNTIFS(Winner, L$1, Loser, A12, Season, $A$1)) ) ) | M12: =IF(A12=M$1, "", IF( (COUNTIFS(Winner, A12, Loser, M$1, Season, $A$1) + COUNTIFS(Winner, M$1, Loser, A12, Season, $A$1)) = 0, "", COUNTIFS(Winner, A12, Loser, M$1, Season, $A$1) / (COUNTIFS(Winner, A12, Loser, M$1, Season, $A$1) + COUNTIFS(Winner, M$1, Loser, A12, Season, $A$1)) ) )
A13: Nick | B13: =IF(A13=B$1, "", IF( (COUNTIFS(Winner, A13, Loser, B$1, Season, $A$1) + COUNTIFS(Winner, B$1, Loser, A13, Season, $A$1)) = 0, "", COUNTIFS(Winner, A13, Loser, B$1, Season, $A$1) / (COUNTIFS(Winner, A13, Loser, B$1, Season, $A$1) + COUNTIFS(Winner, B$1, Loser, A13, Season, $A$1)) ) ) -> 0.5 | C13: =IF(A13=C$1, "", IF( (COUNTIFS(Winner, A13, Loser, C$1, Season, $A$1) + COUNTIFS(Winner, C$1, Loser, A13, Season, $A$1)) = 0, "", COUNTIFS(Winner, A13, Loser, C$1, Season, $A$1) / (COUNTIFS(Winner, A13, Loser, C$1, Season, $A$1) + COUNTIFS(Winner, C$1, Loser, A13, Season, $A$1)) ) ) -> 1 | D13: =IF(A13=D$1, "", IF( (COUNTIFS(Winner, A13, Loser, D$1, Season, $A$1) + COUNTIFS(Winner, D$1, Loser, A13, Season, $A$1)) = 0, "", COUNTIFS(Winner, A13, Loser, D$1, Season, $A$1) / (COUNTIFS(Winner, A13, Loser, D$1, Season, $A$1) + COUNTIFS(Winner, D$1, Loser, A13, Season, $A$1)) ) ) -> 0 | E13: =IF(A13=E$1, "", IF( (COUNTIFS(Winner, A13, Loser, E$1, Season, $A$1) + COUNTIFS(Winner, E$1, Loser, A13, Season, $A$1)) = 0, "", COUNTIFS(Winner, A13, Loser, E$1, Season, $A$1) / (COUNTIFS(Winner, A13, Loser, E$1, Season, $A$1) + COUNTIFS(Winner, E$1, Loser, A13, Season, $A$1)) ) ) -> 1 | F13: =IF(A13=F$1, "", IF( (COUNTIFS(Winner, A13, Loser, F$1, Season, $A$1) + COUNTIFS(Winner, F$1, Loser, A13, Season, $A$1)) = 0, "", COUNTIFS(Winner, A13, Loser, F$1, Season, $A$1) / (COUNTIFS(Winner, A13, Loser, F$1, Season, $A$1) + COUNTIFS(Winner, F$1, Loser, A13, Season, $A$1)) ) ) -> 0 | G13: =IF(A13=G$1, "", IF( (COUNTIFS(Winner, A13, Loser, G$1, Season, $A$1) + COUNTIFS(Winner, G$1, Loser, A13, Season, $A$1)) = 0, "", COUNTIFS(Winner, A13, Loser, G$1, Season, $A$1) / (COUNTIFS(Winner, A13, Loser, G$1, Season, $A$1) + COUNTIFS(Winner, G$1, Loser, A13, Season, $A$1)) ) ) -> 0 | I13: =IF(A13=I$1, "", IF( (COUNTIFS(Winner, A13, Loser, I$1, Season, $A$1) + COUNTIFS(Winner, I$1, Loser, A13, Season, $A$1)) = 0, "", COUNTIFS(Winner, A13, Loser, I$1, Season, $A$1) / (COUNTIFS(Winner, A13, Loser, I$1, Season, $A$1) + COUNTIFS(Winner, I$1, Loser, A13, Season, $A$1)) ) ) -> 0.5
B14: =IF(A14=B$1, "", IF( (COUNTIFS(Winner, A14, Loser, B$1, Season, $A$1) + COUNTIFS(Winner, B$1, Loser, A14, Season, $A$1)) = 0, "", COUNTIFS(Winner, A14, Loser, B$1, Season, $A$1) / (COUNTIFS(Winner, A14, Loser, B$1, Season, $A$1) + COUNTIFS(Winner, B$1, Loser, A14, Season, $A$1)) ) )

Sheet Win Rates (Total)
A1: Team Calculating (Chance of win) | B1: Kadin | C1: Luke | D1: Griffin | E1: Ruben | F1: Mitch | G1: Jacob | H1: Andrew | I1: Connor | J1: Kyle | K1: Nick | L1: Raghav | M1: Michael
A2: Kadin | B2: =IF(A2=B$1, "", IF( (COUNTIFS(Winner, A2, Loser, B$1) + COUNTIFS(Winner, B$1, Loser, A2)) = 0, "", COUNTIFS(Winner, A2, Loser, B$1) / (COUNTIFS(Winner, A2, Loser, B$1) + COUNTIFS(Winner, B$1, Loser, A2)) ) ) | C2: =IF(A2=C$1, "", IF( (COUNTIFS(Winner, A2, Loser, C$1) + COUNTIFS(Winner, C$1, Loser, A2)) = 0, "", COUNTIFS(Winner, A2, Loser, C$1) / (COUNTIFS(Winner, A2, Loser, C$1) + COUNTIFS(Winner, C$1, Loser, A2)) ) ) -> 0.66666667 | D2: =IF(A2=D$1, "", IF( (COUNTIFS(Winner, A2, Loser, D$1) + COUNTIFS(Winner, D$1, Loser, A2)) = 0, "", COUNTIFS(Winner, A2, Loser, D$1) / (COUNTIFS(Winner, A2, Loser, D$1) + COUNTIFS(Winner, D$1, Loser, A2)) ) ) -> 0.2 | E2: =IF(A2=E$1, "", IF( (COUNTIFS(Winner, A2, Loser, E$1) + COUNTIFS(Winner, E$1, Loser, A2)) = 0, "", COUNTIFS(Winner, A2, Loser, E$1) / (COUNTIFS(Winner, A2, Loser, E$1) + COUNTIFS(Winner, E$1, Loser, A2)) ) ) -> 0.8 | F2: =IF(A2=F$1, "", IF( (COUNTIFS(Winner, A2, Loser, F$1) + COUNTIFS(Winner, F$1, Loser, A2)) = 0, "", COUNTIFS(Winner, A2, Loser, F$1) / (COUNTIFS(Winner, A2, Loser, F$1) + COUNTIFS(Winner, F$1, Loser, A2)) ) ) -> 0.25 | G2: =IF(A2=G$1, "", IF( (COUNTIFS(Winner, A2, Loser, G$1) + COUNTIFS(Winner, G$1, Loser, A2)) = 0, "", COUNTIFS(Winner, A2, Loser, G$1) / (COUNTIFS(Winner, A2, Loser, G$1) + COUNTIFS(Winner, G$1, Loser, A2)) ) ) -> 0.5 | H2: =IF(A2=H$1, "", IF( (COUNTIFS(Winner, A2, Loser, H$1) + COUNTIFS(Winner, H$1, Loser, A2)) = 0, "", COUNTIFS(Winner, A2, Loser, H$1) / (COUNTIFS(Winner, A2, Loser, H$1) + COUNTIFS(Winner, H$1, Loser, A2)) ) ) -> 0.66666667 | I2: =IF(A2=I$1, "", IF( (COUNTIFS(Winner, A2, Loser, I$1) + COUNTIFS(Winner, I$1, Loser, A2)) = 0, "", COUNTIFS(Winner, A2, Loser, I$1) / (COUNTIFS(Winner, A2, Loser, I$1) + COUNTIFS(Winner, I$1, Loser, A2)) ) ) -> 0.5 | J2: =IF(A2=J$1, "", IF( (COUNTIFS(Winner, A2, Loser, J$1) + COUNTIFS(Winner, J$1, Loser, A2)) = 0, "", COUNTIFS(Winner, A2, Loser, J$1) / (COUNTIFS(Winner, A2, Loser, J$1) + COUNTIFS(Winner, J$1, Loser, A2)) ) ) -> 0.6 | K2: =IF(A2=K$1, "", IF( (COUNTIFS(Winner, A2, Loser, K$1) + COUNTIFS(Winner, K$1, Loser, A2)) = 0, "", COUNTIFS(Winner, A2, Loser, K$1) / (COUNTIFS(Winner, A2, Loser, K$1) + COUNTIFS(Winner, K$1, Loser, A2)) ) ) -> 0.75 | L2: =IF(A2=L$1, "", IF( (COUNTIFS(Winner, A2, Loser, L$1) + COUNTIFS(Winner, L$1, Loser, A2)) = 0, "", COUNTIFS(Winner, A2, Loser, L$1) / (COUNTIFS(Winner, A2, Loser, L$1) + COUNTIFS(Winner, L$1, Loser, A2)) ) ) -> 1 | M2: =IF(A2=M$1, "", IF( (COUNTIFS(Winner, A2, Loser, M$1) + COUNTIFS(Winner, M$1, Loser, A2)) = 0, "", COUNTIFS(Winner, A2, Loser, M$1) / (COUNTIFS(Winner, A2, Loser, M$1) + COUNTIFS(Winner, M$1, Loser, A2)) ) ) -> 1
A3: Luke | B3: =IF(A3=B$1, "", IF( (COUNTIFS(Winner, A3, Loser, B$1) + COUNTIFS(Winner, B$1, Loser, A3)) = 0, "", COUNTIFS(Winner, A3, Loser, B$1) / (COUNTIFS(Winner, A3, Loser, B$1) + COUNTIFS(Winner, B$1, Loser, A3)) ) ) -> 0.33333333 | C3: =IF(A3=C$1, "", IF( (COUNTIFS(Winner, A3, Loser, C$1) + COUNTIFS(Winner, C$1, Loser, A3)) = 0, "", COUNTIFS(Winner, A3, Loser, C$1) / (COUNTIFS(Winner, A3, Loser, C$1) + COUNTIFS(Winner, C$1, Loser, A3)) ) ) | D3: =IF(A3=D$1, "", IF( (COUNTIFS(Winner, A3, Loser, D$1) + COUNTIFS(Winner, D$1, Loser, A3)) = 0, "", COUNTIFS(Winner, A3, Loser, D$1) / (COUNTIFS(Winner, A3, Loser, D$1) + COUNTIFS(Winner, D$1, Loser, A3)) ) ) -> 0.8 | E3: =IF(A3=E$1, "", IF( (COUNTIFS(Winner, A3, Loser, E$1) + COUNTIFS(Winner, E$1, Loser, A3)) = 0, "", COUNTIFS(Winner, A3, Loser, E$1) / (COUNTIFS(Winner, A3, Loser, E$1) + COUNTIFS(Winner, E$1, Loser, A3)) ) ) -> 0.57142857 | F3: =IF(A3=F$1, "", IF( (COUNTIFS(Winner, A3, Loser, F$1) + COUNTIFS(Winner, F$1, Loser, A3)) = 0, "", COUNTIFS(Winner, A3, Loser, F$1) / (COUNTIFS(Winner, A3, Loser, F$1) + COUNTIFS(Winner, F$1, Loser, A3)) ) ) -> 0.75 | G3: =IF(A3=G$1, "", IF( (COUNTIFS(Winner, A3, Loser, G$1) + COUNTIFS(Winner, G$1, Loser, A3)) = 0, "", COUNTIFS(Winner, A3, Loser, G$1) / (COUNTIFS(Winner, A3, Loser, G$1) + COUNTIFS(Winner, G$1, Loser, A3)) ) ) -> 0.33333333 | H3: =IF(A3=H$1, "", IF( (COUNTIFS(Winner, A3, Loser, H$1) + COUNTIFS(Winner, H$1, Loser, A3)) = 0, "", COUNTIFS(Winner, A3, Loser, H$1) / (COUNTIFS(Winner, A3, Loser, H$1) + COUNTIFS(Winner, H$1, Loser, A3)) ) ) -> 0.33333333 | I3: =IF(A3=I$1, "", IF( (COUNTIFS(Winner, A3, Loser, I$1) + COUNTIFS(Winner, I$1, Loser, A3)) = 0, "", COUNTIFS(Winner, A3, Loser, I$1) / (COUNTIFS(Winner, A3, Loser, I$1) + COUNTIFS(Winner, I$1, Loser, A3)) ) ) -> 0.8 | J3: =IF(A3=J$1, "", IF( (COUNTIFS(Winner, A3, Loser, J$1) + COUNTIFS(Winner, J$1, Loser, A3)) = 0, "", COUNTIFS(Winner, A3, Loser, J$1) / (COUNTIFS(Winner, A3, Loser, J$1) + COUNTIFS(Winner, J$1, Loser, A3)) ) ) -> 0.66666667 | K3: =IF(A3=K$1, "", IF( (COUNTIFS(Winner, A3, Loser, K$1) + COUNTIFS(Winner, K$1, Loser, A3)) = 0, "", COUNTIFS(Winner, A3, Loser, K$1) / (COUNTIFS(Winner, A3, Loser, K$1) + COUNTIFS(Winner, K$1, Loser, A3)) ) ) -> 0 | L3: =IF(A3=L$1, "", IF( (COUNTIFS(Winner, A3, Loser, L$1) + COUNTIFS(Winner, L$1, Loser, A3)) = 0, "", COUNTIFS(Winner, A3, Loser, L$1) / (COUNTIFS(Winner, A3, Loser, L$1) + COUNTIFS(Winner, L$1, Loser, A3)) ) ) -> 1 | M3: =IF(A3=M$1, "", IF( (COUNTIFS(Winner, A3, Loser, M$1) + COUNTIFS(Winner, M$1, Loser, A3)) = 0, "", COUNTIFS(Winner, A3, Loser, M$1) / (COUNTIFS(Winner, A3, Loser, M$1) + COUNTIFS(Winner, M$1, Loser, A3)) ) ) -> 1
A4: Griffin | B4: =IF(A4=B$1, "", IF( (COUNTIFS(Winner, A4, Loser, B$1) + COUNTIFS(Winner, B$1, Loser, A4)) = 0, "", COUNTIFS(Winner, A4, Loser, B$1) / (COUNTIFS(Winner, A4, Loser, B$1) + COUNTIFS(Winner, B$1, Loser, A4)) ) ) -> 0.8 | C4: =IF(A4=C$1, "", IF( (COUNTIFS(Winner, A4, Loser, C$1) + COUNTIFS(Winner, C$1, Loser, A4)) = 0, "", COUNTIFS(Winner, A4, Loser, C$1) / (COUNTIFS(Winner, A4, Loser, C$1) + COUNTIFS(Winner, C$1, Loser, A4)) ) ) -> 0.2 | D4: =IF(A4=D$1, "", IF( (COUNTIFS(Winner, A4, Loser, D$1) + COUNTIFS(Winner, D$1, Loser, A4)) = 0, "", COUNTIFS(Winner, A4, Loser, D$1) / (COUNTIFS(Winner, A4, Loser, D$1) + COUNTIFS(Winner, D$1, Loser, A4)) ) ) | E4: =IF(A4=E$1, "", IF( (COUNTIFS(Winner, A4, Loser, E$1) + COUNTIFS(Winner, E$1, Loser, A4)) = 0, "", COUNTIFS(Winner, A4, Loser, E$1) / (COUNTIFS(Winner, A4, Loser, E$1) + COUNTIFS(Winner, E$1, Loser, A4)) ) ) -> 0.66666667 | F4: =IF(A4=F$1, "", IF( (COUNTIFS(Winner, A4, Loser, F$1) + COUNTIFS(Winner, F$1, Loser, A4)) = 0, "", COUNTIFS(Winner, A4, Loser, F$1) / (COUNTIFS(Winner, A4, Loser, F$1) + COUNTIFS(Winner, F$1, Loser, A4)) ) ) -> 0.71428571 | G4: =IF(A4=G$1, "", IF( (COUNTIFS(Winner, A4, Loser, G$1) + COUNTIFS(Winner, G$1, Loser, A4)) = 0, "", COUNTIFS(Winner, A4, Loser, G$1) / (COUNTIFS(Winner, A4, Loser, G$1) + COUNTIFS(Winner, G$1, Loser, A4)) ) ) -> 0.5 | H4: =IF(A4=H$1, "", IF( (COUNTIFS(Winner, A4, Loser, H$1) + COUNTIFS(Winner, H$1, Loser, A4)) = 0, "", COUNTIFS(Winner, A4, Loser, H$1) / (COUNTIFS(Winner, A4, Loser, H$1) + COUNTIFS(Winner, H$1, Loser, A4)) ) ) -> 0.4 | I4: =IF(A4=I$1, "", IF( (COUNTIFS(Winner, A4, Loser, I$1) + COUNTIFS(Winner, I$1, Loser, A4)) = 0, "", COUNTIFS(Winner, A4, Loser, I$1) / (COUNTIFS(Winner, A4, Loser, I$1) + COUNTIFS(Winner, I$1, Loser, A4)) ) ) -> 0.42857143 | J4: =IF(A4=J$1, "", IF( (COUNTIFS(Winner, A4, Loser, J$1) + COUNTIFS(Winner, J$1, Loser, A4)) = 0, "", COUNTIFS(Winner, A4, Loser, J$1) / (COUNTIFS(Winner, A4, Loser, J$1) + COUNTIFS(Winner, J$1, Loser, A4)) ) ) -> 0.66666667 | K4: =IF(A4=K$1, "", IF( (COUNTIFS(Winner, A4, Loser, K$1) + COUNTIFS(Winner, K$1, Loser, A4)) = 0, "", COUNTIFS(Winner, A4, Loser, K$1) / (COUNTIFS(Winner, A4, Loser, K$1) + COUNTIFS(Winner, K$1, Loser, A4)) ) ) -> 1 | L4: =IF(A4=L$1, "", IF( (COUNTIFS(Winner, A4, Loser, L$1) + COUNTIFS(Winner, L$1, Loser, A4)) = 0, "", COUNTIFS(Winner, A4, Loser, L$1) / (COUNTIFS(Winner, A4, Loser, L$1) + COUNTIFS(Winner, L$1, Loser, A4)) ) ) -> 1 | M4: =IF(A4=M$1, "", IF( (COUNTIFS(Winner, A4, Loser, M$1) + COUNTIFS(Winner, M$1, Loser, A4)) = 0, "", COUNTIFS(Winner, A4, Loser, M$1) / (COUNTIFS(Winner, A4, Loser, M$1) + COUNTIFS(Winner, M$1, Loser, A4)) ) ) -> 1
A5: Ruben | B5: =IF(A5=B$1, "", IF( (COUNTIFS(Winner, A5, Loser, B$1) + COUNTIFS(Winner, B$1, Loser, A5)) = 0, "", COUNTIFS(Winner, A5, Loser, B$1) / (COUNTIFS(Winner, A5, Loser, B$1) + COUNTIFS(Winner, B$1, Loser, A5)) ) ) -> 0.2 | C5: =IF(A5=C$1, "", IF( (COUNTIFS(Winner, A5, Loser, C$1) + COUNTIFS(Winner, C$1, Loser, A5)) = 0, "", COUNTIFS(Winner, A5, Loser, C$1) / (COUNTIFS(Winner, A5, Loser, C$1) + COUNTIFS(Winner, C$1, Loser, A5)) ) ) -> 0.42857143 | D5: =IF(A5=D$1, "", IF( (COUNTIFS(Winner, A5, Loser, D$1) + COUNTIFS(Winner, D$1, Loser, A5)) = 0, "", COUNTIFS(Winner, A5, Loser, D$1) / (COUNTIFS(Winner, A5, Loser, D$1) + COUNTIFS(Winner, D$1, Loser, A5)) ) ) -> 0.33333333 | E5: =IF(A5=E$1, "", IF( (COUNTIFS(Winner, A5, Loser, E$1) + COUNTIFS(Winner, E$1, Loser, A5)) = 0, "", COUNTIFS(Winner, A5, Loser, E$1) / (COUNTIFS(Winner, A5, Loser, E$1) + COUNTIFS(Winner, E$1, Loser, A5)) ) ) | F5: =IF(A5=F$1, "", IF( (COUNTIFS(Winner, A5, Loser, F$1) + COUNTIFS(Winner, F$1, Loser, A5)) = 0, "", COUNTIFS(Winner, A5, Loser, F$1) / (COUNTIFS(Winner, A5, Loser, F$1) + COUNTIFS(Winner, F$1, Loser, A5)) ) ) -> 0.75 | G5: =IF(A5=G$1, "", IF( (COUNTIFS(Winner, A5, Loser, G$1) + COUNTIFS(Winner, G$1, Loser, A5)) = 0, "", COUNTIFS(Winner, A5, Loser, G$1) / (COUNTIFS(Winner, A5, Loser, G$1) + COUNTIFS(Winner, G$1, Loser, A5)) ) ) -> 0.2 | H5: =IF(A5=H$1, "", IF( (COUNTIFS(Winner, A5, Loser, H$1) + COUNTIFS(Winner, H$1, Loser, A5)) = 0, "", COUNTIFS(Winner, A5, Loser, H$1) / (COUNTIFS(Winner, A5, Loser, H$1) + COUNTIFS(Winner, H$1, Loser, A5)) ) ) -> 0 | I5: =IF(A5=I$1, "", IF( (COUNTIFS(Winner, A5, Loser, I$1) + COUNTIFS(Winner, I$1, Loser, A5)) = 0, "", COUNTIFS(Winner, A5, Loser, I$1) / (COUNTIFS(Winner, A5, Loser, I$1) + COUNTIFS(Winner, I$1, Loser, A5)) ) ) -> 0.25 | J5: =IF(A5=J$1, "", IF( (COUNTIFS(Winner, A5, Loser, J$1) + COUNTIFS(Winner, J$1, Loser, A5)) = 0, "", COUNTIFS(Winner, A5, Loser, J$1) / (COUNTIFS(Winner, A5, Loser, J$1) + COUNTIFS(Winner, J$1, Loser, A5)) ) ) -> 0.33333333 | K5: =IF(A5=K$1, "", IF( (COUNTIFS(Winner, A5, Loser, K$1) + COUNTIFS(Winner, K$1, Loser, A5)) = 0, "", COUNTIFS(Winner, A5, Loser, K$1) / (COUNTIFS(Winner, A5, Loser, K$1) + COUNTIFS(Winner, K$1, Loser, A5)) ) ) -> 0 | L5: =IF(A5=L$1, "", IF( (COUNTIFS(Winner, A5, Loser, L$1) + COUNTIFS(Winner, L$1, Loser, A5)) = 0, "", COUNTIFS(Winner, A5, Loser, L$1) / (COUNTIFS(Winner, A5, Loser, L$1) + COUNTIFS(Winner, L$1, Loser, A5)) ) ) -> 0 | M5: =IF(A5=M$1, "", IF( (COUNTIFS(Winner, A5, Loser, M$1) + COUNTIFS(Winner, M$1, Loser, A5)) = 0, "", COUNTIFS(Winner, A5, Loser, M$1) / (COUNTIFS(Winner, A5, Loser, M$1) + COUNTIFS(Winner, M$1, Loser, A5)) ) ) -> 0.5
A6: Mitch | B6: =IF(A6=B$1, "", IF( (COUNTIFS(Winner, A6, Loser, B$1) + COUNTIFS(Winner, B$1, Loser, A6)) = 0, "", COUNTIFS(Winner, A6, Loser, B$1) / (COUNTIFS(Winner, A6, Loser, B$1) + COUNTIFS(Winner, B$1, Loser, A6)) ) ) -> 0.75 | C6: =IF(A6=C$1, "", IF( (COUNTIFS(Winner, A6, Loser, C$1) + COUNTIFS(Winner, C$1, Loser, A6)) = 0, "", COUNTIFS(Winner, A6, Loser, C$1) / (COUNTIFS(Winner, A6, Loser, C$1) + COUNTIFS(Winner, C$1, Loser, A6)) ) ) -> 0.25 | D6: =IF(A6=D$1, "", IF( (COUNTIFS(Winner, A6, Loser, D$1) + COUNTIFS(Winner, D$1, Loser, A6)) = 0, "", COUNTIFS(Winner, A6, Loser, D$1) / (COUNTIFS(Winner, A6, Loser, D$1) + COUNTIFS(Winner, D$1, Loser, A6)) ) ) -> 0.28571429 | E6: =IF(A6=E$1, "", IF( (COUNTIFS(Winner, A6, Loser, E$1) + COUNTIFS(Winner, E$1, Loser, A6)) = 0, "", COUNTIFS(Winner, A6, Loser, E$1) / (COUNTIFS(Winner, A6, Loser, E$1) + COUNTIFS(Winner, E$1, Loser, A6)) ) ) -> 0.25 | F6: =IF(A6=F$1, "", IF( (COUNTIFS(Winner, A6, Loser, F$1) + COUNTIFS(Winner, F$1, Loser, A6)) = 0, "", COUNTIFS(Winner, A6, Loser, F$1) / (COUNTIFS(Winner, A6, Loser, F$1) + COUNTIFS(Winner, F$1, Loser, A6)) ) ) | G6: =IF(A6=G$1, "", IF( (COUNTIFS(Winner, A6, Loser, G$1) + COUNTIFS(Winner, G$1, Loser, A6)) = 0, "", COUNTIFS(Winner, A6, Loser, G$1) / (COUNTIFS(Winner, A6, Loser, G$1) + COUNTIFS(Winner, G$1, Loser, A6)) ) ) -> 0.5 | H6: =IF(A6=H$1, "", IF( (COUNTIFS(Winner, A6, Loser, H$1) + COUNTIFS(Winner, H$1, Loser, A6)) = 0, "", COUNTIFS(Winner, A6, Loser, H$1) / (COUNTIFS(Winner, A6, Loser, H$1) + COUNTIFS(Winner, H$1, Loser, A6)) ) ) -> 0.5 | I6: =IF(A6=I$1, "", IF( (COUNTIFS(Winner, A6, Loser, I$1) + COUNTIFS(Winner, I$1, Loser, A6)) = 0, "", COUNTIFS(Winner, A6, Loser, I$1) / (COUNTIFS(Winner, A6, Loser, I$1) + COUNTIFS(Winner, I$1, Loser, A6)) ) ) -> 0.5 | J6: =IF(A6=J$1, "", IF( (COUNTIFS(Winner, A6, Loser, J$1) + COUNTIFS(Winner, J$1, Loser, A6)) = 0, "", COUNTIFS(Winner, A6, Loser, J$1) / (COUNTIFS(Winner, A6, Loser, J$1) + COUNTIFS(Winner, J$1, Loser, A6)) ) ) -> 0.42857143 | K6: =IF(A6=K$1, "", IF( (COUNTIFS(Winner, A6, Loser, K$1) + COUNTIFS(Winner, K$1, Loser, A6)) = 0, "", COUNTIFS(Winner, A6, Loser, K$1) / (COUNTIFS(Winner, A6, Loser, K$1) + COUNTIFS(Winner, K$1, Loser, A6)) ) ) -> 1 | L6: =IF(A6=L$1, "", IF( (COUNTIFS(Winner, A6, Loser, L$1) + COUNTIFS(Winner, L$1, Loser, A6)) = 0, "", COUNTIFS(Winner, A6, Loser, L$1) / (COUNTIFS(Winner, A6, Loser, L$1) + COUNTIFS(Winner, L$1, Loser, A6)) ) ) -> 0.5 | M6: =IF(A6=M$1, "", IF( (COUNTIFS(Winner, A6, Loser, M$1) + COUNTIFS(Winner, M$1, Loser, A6)) = 0, "", COUNTIFS(Winner, A6, Loser, M$1) / (COUNTIFS(Winner, A6, Loser, M$1) + COUNTIFS(Winner, M$1, Loser, A6)) ) ) -> 1
A7: Jacob | B7: =IF(A7=B$1, "", IF( (COUNTIFS(Winner, A7, Loser, B$1) + COUNTIFS(Winner, B$1, Loser, A7)) = 0, "", COUNTIFS(Winner, A7, Loser, B$1) / (COUNTIFS(Winner, A7, Loser, B$1) + COUNTIFS(Winner, B$1, Loser, A7)) ) ) -> 0.5 | C7: =IF(A7=C$1, "", IF( (COUNTIFS(Winner, A7, Loser, C$1) + COUNTIFS(Winner, C$1, Loser, A7)) = 0, "", COUNTIFS(Winner, A7, Loser, C$1) / (COUNTIFS(Winner, A7, Loser, C$1) + COUNTIFS(Winner, C$1, Loser, A7)) ) ) -> 0.66666667 | D7: =IF(A7=D$1, "", IF( (COUNTIFS(Winner, A7, Loser, D$1) + COUNTIFS(Winner, D$1, Loser, A7)) = 0, "", COUNTIFS(Winner, A7, Loser, D$1) / (COUNTIFS(Winner, A7, Loser, D$1) + COUNTIFS(Winner, D$1, Loser, A7)) ) ) -> 0.5 | E7: =IF(A7=E$1, "", IF( (COUNTIFS(Winner, A7, Loser, E$1) + COUNTIFS(Winner, E$1, Loser, A7)) = 0, "", COUNTIFS(Winner, A7, Loser, E$1) / (COUNTIFS(Winner, A7, Loser, E$1) + COUNTIFS(Winner, E$1, Loser, A7)) ) ) -> 0.8 | F7: =IF(A7=F$1, "", IF( (COUNTIFS(Winner, A7, Loser, F$1) + COUNTIFS(Winner, F$1, Loser, A7)) = 0, "", COUNTIFS(Winner, A7, Loser, F$1) / (COUNTIFS(Winner, A7, Loser, F$1) + COUNTIFS(Winner, F$1, Loser, A7)) ) ) -> 0.5 | G7: =IF(A7=G$1, "", IF( (COUNTIFS(Winner, A7, Loser, G$1) + COUNTIFS(Winner, G$1, Loser, A7)) = 0, "", COUNTIFS(Winner, A7, Loser, G$1) / (COUNTIFS(Winner, A7, Loser, G$1) + COUNTIFS(Winner, G$1, Loser, A7)) ) ) | H7: =IF(A7=H$1, "", IF( (COUNTIFS(Winner, A7, Loser, H$1) + COUNTIFS(Winner, H$1, Loser, A7)) = 0, "", COUNTIFS(Winner, A7, Loser, H$1) / (COUNTIFS(Winner, A7, Loser, H$1) + COUNTIFS(Winner, H$1, Loser, A7)) ) ) -> 1 | I7: =IF(A7=I$1, "", IF( (COUNTIFS(Winner, A7, Loser, I$1) + COUNTIFS(Winner, I$1, Loser, A7)) = 0, "", COUNTIFS(Winner, A7, Loser, I$1) / (COUNTIFS(Winner, A7, Loser, I$1) + COUNTIFS(Winner, I$1, Loser, A7)) ) ) -> 0.8 | J7: =IF(A7=J$1, "", IF( (COUNTIFS(Winner, A7, Loser, J$1) + COUNTIFS(Winner, J$1, Loser, A7)) = 0, "", COUNTIFS(Winner, A7, Loser, J$1) / (COUNTIFS(Winner, A7, Loser, J$1) + COUNTIFS(Winner, J$1, Loser, A7)) ) ) -> 0.75 | K7: =IF(A7=K$1, "", IF( (COUNTIFS(Winner, A7, Loser, K$1) + COUNTIFS(Winner, K$1, Loser, A7)) = 0, "", COUNTIFS(Winner, A7, Loser, K$1) / (COUNTIFS(Winner, A7, Loser, K$1) + COUNTIFS(Winner, K$1, Loser, A7)) ) ) -> 0.75 | L7: =IF(A7=L$1, "", IF( (COUNTIFS(Winner, A7, Loser, L$1) + COUNTIFS(Winner, L$1, Loser, A7)) = 0, "", COUNTIFS(Winner, A7, Loser, L$1) / (COUNTIFS(Winner, A7, Loser, L$1) + COUNTIFS(Winner, L$1, Loser, A7)) ) ) -> 1 | M7: =IF(A7=M$1, "", IF( (COUNTIFS(Winner, A7, Loser, M$1) + COUNTIFS(Winner, M$1, Loser, A7)) = 0, "", COUNTIFS(Winner, A7, Loser, M$1) / (COUNTIFS(Winner, A7, Loser, M$1) + COUNTIFS(Winner, M$1, Loser, A7)) ) ) -> 1
A8: Andrew | B8: =IF(A8=B$1, "", IF( (COUNTIFS(Winner, A8, Loser, B$1) + COUNTIFS(Winner, B$1, Loser, A8)) = 0, "", COUNTIFS(Winner, A8, Loser, B$1) / (COUNTIFS(Winner, A8, Loser, B$1) + COUNTIFS(Winner, B$1, Loser, A8)) ) ) -> 0.33333333 | C8: =IF(A8=C$1, "", IF( (COUNTIFS(Winner, A8, Loser, C$1) + COUNTIFS(Winner, C$1, Loser, A8)) = 0, "", COUNTIFS(Winner, A8, Loser, C$1) / (COUNTIFS(Winner, A8, Loser, C$1) + COUNTIFS(Winner, C$1, Loser, A8)) ) ) -> 0.66666667 | D8: =IF(A8=D$1, "", IF( (COUNTIFS(Winner, A8, Loser, D$1) + COUNTIFS(Winner, D$1, Loser, A8)) = 0, "", COUNTIFS(Winner, A8, Loser, D$1) / (COUNTIFS(Winner, A8, Loser, D$1) + COUNTIFS(Winner, D$1, Loser, A8)) ) ) -> 0.6 | E8: =IF(A8=E$1, "", IF( (COUNTIFS(Winner, A8, Loser, E$1) + COUNTIFS(Winner, E$1, Loser, A8)) = 0, "", COUNTIFS(Winner, A8, Loser, E$1) / (COUNTIFS(Winner, A8, Loser, E$1) + COUNTIFS(Winner, E$1, Loser, A8)) ) ) -> 1 | F8: =IF(A8=F$1, "", IF( (COUNTIFS(Winner, A8, Loser, F$1) + COUNTIFS(Winner, F$1, Loser, A8)) = 0, "", COUNTIFS(Winner, A8, Loser, F$1) / (COUNTIFS(Winner, A8, Loser, F$1) + COUNTIFS(Winner, F$1, Loser, A8)) ) ) -> 0.5 | G8: =IF(A8=G$1, "", IF( (COUNTIFS(Winner, A8, Loser, G$1) + COUNTIFS(Winner, G$1, Loser, A8)) = 0, "", COUNTIFS(Winner, A8, Loser, G$1) / (COUNTIFS(Winner, A8, Loser, G$1) + COUNTIFS(Winner, G$1, Loser, A8)) ) ) -> 0 | H8: =IF(A8=H$1, "", IF( (COUNTIFS(Winner, A8, Loser, H$1) + COUNTIFS(Winner, H$1, Loser, A8)) = 0, "", COUNTIFS(Winner, A8, Loser, H$1) / (COUNTIFS(Winner, A8, Loser, H$1) + COUNTIFS(Winner, H$1, Loser, A8)) ) ) | I8: =IF(A8=I$1, "", IF( (COUNTIFS(Winner, A8, Loser, I$1) + COUNTIFS(Winner, I$1, Loser, A8)) = 0, "", COUNTIFS(Winner, A8, Loser, I$1) / (COUNTIFS(Winner, A8, Loser, I$1) + COUNTIFS(Winner, I$1, Loser, A8)) ) ) -> 0.5 | J8: =IF(A8=J$1, "", IF( (COUNTIFS(Winner, A8, Loser, J$1) + COUNTIFS(Winner, J$1, Loser, A8)) = 0, "", COUNTIFS(Winner, A8, Loser, J$1) / (COUNTIFS(Winner, A8, Loser, J$1) + COUNTIFS(Winner, J$1, Loser, A8)) ) ) -> 0.25 | K8: =IF(A8=K$1, "", IF( (COUNTIFS(Winner, A8, Loser, K$1) + COUNTIFS(Winner, K$1, Loser, A8)) = 0, "", COUNTIFS(Winner, A8, Loser, K$1) / (COUNTIFS(Winner, A8, Loser, K$1) + COUNTIFS(Winner, K$1, Loser, A8)) ) ) -> 0.5 | L8: =IF(A8=L$1, "", IF( (COUNTIFS(Winner, A8, Loser, L$1) + COUNTIFS(Winner, L$1, Loser, A8)) = 0, "", COUNTIFS(Winner, A8, Loser, L$1) / (COUNTIFS(Winner, A8, Loser, L$1) + COUNTIFS(Winner, L$1, Loser, A8)) ) ) | M8: =IF(A8=M$1, "", IF( (COUNTIFS(Winner, A8, Loser, M$1) + COUNTIFS(Winner, M$1, Loser, A8)) = 0, "", COUNTIFS(Winner, A8, Loser, M$1) / (COUNTIFS(Winner, A8, Loser, M$1) + COUNTIFS(Winner, M$1, Loser, A8)) ) )
A9: Raghav | B9: =IF(A9=B$1, "", IF( (COUNTIFS(Winner, A9, Loser, B$1) + COUNTIFS(Winner, B$1, Loser, A9)) = 0, "", COUNTIFS(Winner, A9, Loser, B$1) / (COUNTIFS(Winner, A9, Loser, B$1) + COUNTIFS(Winner, B$1, Loser, A9)) ) ) -> 0 | C9: =IF(A9=C$1, "", IF( (COUNTIFS(Winner, A9, Loser, C$1) + COUNTIFS(Winner, C$1, Loser, A9)) = 0, "", COUNTIFS(Winner, A9, Loser, C$1) / (COUNTIFS(Winner, A9, Loser, C$1) + COUNTIFS(Winner, C$1, Loser, A9)) ) ) -> 0 | D9: =IF(A9=D$1, "", IF( (COUNTIFS(Winner, A9, Loser, D$1) + COUNTIFS(Winner, D$1, Loser, A9)) = 0, "", COUNTIFS(Winner, A9, Loser, D$1) / (COUNTIFS(Winner, A9, Loser, D$1) + COUNTIFS(Winner, D$1, Loser, A9)) ) ) -> 0 | E9: =IF(A9=E$1, "", IF( (COUNTIFS(Winner, A9, Loser, E$1) + COUNTIFS(Winner, E$1, Loser, A9)) = 0, "", COUNTIFS(Winner, A9, Loser, E$1) / (COUNTIFS(Winner, A9, Loser, E$1) + COUNTIFS(Winner, E$1, Loser, A9)) ) ) -> 1 | F9: =IF(A9=F$1, "", IF( (COUNTIFS(Winner, A9, Loser, F$1) + COUNTIFS(Winner, F$1, Loser, A9)) = 0, "", COUNTIFS(Winner, A9, Loser, F$1) / (COUNTIFS(Winner, A9, Loser, F$1) + COUNTIFS(Winner, F$1, Loser, A9)) ) ) -> 0.5 | G9: =IF(A9=G$1, "", IF( (COUNTIFS(Winner, A9, Loser, G$1) + COUNTIFS(Winner, G$1, Loser, A9)) = 0, "", COUNTIFS(Winner, A9, Loser, G$1) / (COUNTIFS(Winner, A9, Loser, G$1) + COUNTIFS(Winner, G$1, Loser, A9)) ) ) -> 0 | H9: =IF(A9=H$1, "", IF( (COUNTIFS(Winner, A9, Loser, H$1) + COUNTIFS(Winner, H$1, Loser, A9)) = 0, "", COUNTIFS(Winner, A9, Loser, H$1) / (COUNTIFS(Winner, A9, Loser, H$1) + COUNTIFS(Winner, H$1, Loser, A9)) ) ) | I9: =IF(A9=I$1, "", IF( (COUNTIFS(Winner, A9, Loser, I$1) + COUNTIFS(Winner, I$1, Loser, A9)) = 0, "", COUNTIFS(Winner, A9, Loser, I$1) / (COUNTIFS(Winner, A9, Loser, I$1) + COUNTIFS(Winner, I$1, Loser, A9)) ) ) -> 0 | J9: =IF(A9=J$1, "", IF( (COUNTIFS(Winner, A9, Loser, J$1) + COUNTIFS(Winner, J$1, Loser, A9)) = 0, "", COUNTIFS(Winner, A9, Loser, J$1) / (COUNTIFS(Winner, A9, Loser, J$1) + COUNTIFS(Winner, J$1, Loser, A9)) ) ) -> 1 | K9: =IF(A9=K$1, "", IF( (COUNTIFS(Winner, A9, Loser, K$1) + COUNTIFS(Winner, K$1, Loser, A9)) = 0, "", COUNTIFS(Winner, A9, Loser, K$1) / (COUNTIFS(Winner, A9, Loser, K$1) + COUNTIFS(Winner, K$1, Loser, A9)) ) ) | L9: =IF(A9=L$1, "", IF( (COUNTIFS(Winner, A9, Loser, L$1) + COUNTIFS(Winner, L$1, Loser, A9)) = 0, "", COUNTIFS(Winner, A9, Loser, L$1) / (COUNTIFS(Winner, A9, Loser, L$1) + COUNTIFS(Winner, L$1, Loser, A9)) ) ) | M9: =IF(A9=M$1, "", IF( (COUNTIFS(Winner, A9, Loser, M$1) + COUNTIFS(Winner, M$1, Loser, A9)) = 0, "", COUNTIFS(Winner, A9, Loser, M$1) / (COUNTIFS(Winner, A9, Loser, M$1) + COUNTIFS(Winner, M$1, Loser, A9)) ) ) -> 0
A10: Connor | B10: =IF(A10=B$1, "", IF( (COUNTIFS(Winner, A10, Loser, B$1) + COUNTIFS(Winner, B$1, Loser, A10)) = 0, "", COUNTIFS(Winner, A10, Loser, B$1) / (COUNTIFS(Winner, A10, Loser, B$1) + COUNTIFS(Winner, B$1, Loser, A10)) ) ) -> 0.5 | C10: =IF(A10=C$1, "", IF( (COUNTIFS(Winner, A10, Loser, C$1) + COUNTIFS(Winner, C$1, Loser, A10)) = 0, "", COUNTIFS(Winner, A10, Loser, C$1) / (COUNTIFS(Winner, A10, Loser, C$1) + COUNTIFS(Winner, C$1, Loser, A10)) ) ) -> 0.2 | D10: =IF(A10=D$1, "", IF( (COUNTIFS(Winner, A10, Loser, D$1) + COUNTIFS(Winner, D$1, Loser, A10)) = 0, "", COUNTIFS(Winner, A10, Loser, D$1) / (COUNTIFS(Winner, A10, Loser, D$1) + COUNTIFS(Winner, D$1, Loser, A10)) ) ) -> 0.57142857 | E10: =IF(A10=E$1, "", IF( (COUNTIFS(Winner, A10, Loser, E$1) + COUNTIFS(Winner, E$1, Loser, A10)) = 0, "", COUNTIFS(Winner, A10, Loser, E$1) / (COUNTIFS(Winner, A10, Loser, E$1) + COUNTIFS(Winner, E$1, Loser, A10)) ) ) -> 0.75 | F10: =IF(A10=F$1, "", IF( (COUNTIFS(Winner, A10, Loser, F$1) + COUNTIFS(Winner, F$1, Loser, A10)) = 0, "", COUNTIFS(Winner, A10, Loser, F$1) / (COUNTIFS(Winner, A10, Loser, F$1) + COUNTIFS(Winner, F$1, Loser, A10)) ) ) -> 0.5 | G10: =IF(A10=G$1, "", IF( (COUNTIFS(Winner, A10, Loser, G$1) + COUNTIFS(Winner, G$1, Loser, A10)) = 0, "", COUNTIFS(Winner, A10, Loser, G$1) / (COUNTIFS(Winner, A10, Loser, G$1) + COUNTIFS(Winner, G$1, Loser, A10)) ) ) -> 0.2 | H10: =IF(A10=H$1, "", IF( (COUNTIFS(Winner, A10, Loser, H$1) + COUNTIFS(Winner, H$1, Loser, A10)) = 0, "", COUNTIFS(Winner, A10, Loser, H$1) / (COUNTIFS(Winner, A10, Loser, H$1) + COUNTIFS(Winner, H$1, Loser, A10)) ) ) -> 0.5 | I10: =IF(A10=I$1, "", IF( (COUNTIFS(Winner, A10, Loser, I$1) + COUNTIFS(Winner, I$1, Loser, A10)) = 0, "", COUNTIFS(Winner, A10, Loser, I$1) / (COUNTIFS(Winner, A10, Loser, I$1) + COUNTIFS(Winner, I$1, Loser, A10)) ) ) | J10: =IF(A10=J$1, "", IF( (COUNTIFS(Winner, A10, Loser, J$1) + COUNTIFS(Winner, J$1, Loser, A10)) = 0, "", COUNTIFS(Winner, A10, Loser, J$1) / (COUNTIFS(Winner, A10, Loser, J$1) + COUNTIFS(Winner, J$1, Loser, A10)) ) ) -> 0.2 | K10: =IF(A10=K$1, "", IF( (COUNTIFS(Winner, A10, Loser, K$1) + COUNTIFS(Winner, K$1, Loser, A10)) = 0, "", COUNTIFS(Winner, A10, Loser, K$1) / (COUNTIFS(Winner, A10, Loser, K$1) + COUNTIFS(Winner, K$1, Loser, A10)) ) ) -> 0.66666667 | L10: =IF(A10=L$1, "", IF( (COUNTIFS(Winner, A10, Loser, L$1) + COUNTIFS(Winner, L$1, Loser, A10)) = 0, "", COUNTIFS(Winner, A10, Loser, L$1) / (COUNTIFS(Winner, A10, Loser, L$1) + COUNTIFS(Winner, L$1, Loser, A10)) ) ) -> 1 | M10: =IF(A10=M$1, "", IF( (COUNTIFS(Winner, A10, Loser, M$1) + COUNTIFS(Winner, M$1, Loser, A10)) = 0, "", COUNTIFS(Winner, A10, Loser, M$1) / (COUNTIFS(Winner, A10, Loser, M$1) + COUNTIFS(Winner, M$1, Loser, A10)) ) ) -> 1
A11: Kyle | B11: =IF(A11=B$1, "", IF( (COUNTIFS(Winner, A11, Loser, B$1) + COUNTIFS(Winner, B$1, Loser, A11)) = 0, "", COUNTIFS(Winner, A11, Loser, B$1) / (COUNTIFS(Winner, A11, Loser, B$1) + COUNTIFS(Winner, B$1, Loser, A11)) ) ) -> 0.4 | C11: =IF(A11=C$1, "", IF( (COUNTIFS(Winner, A11, Loser, C$1) + COUNTIFS(Winner, C$1, Loser, A11)) = 0, "", COUNTIFS(Winner, A11, Loser, C$1) / (COUNTIFS(Winner, A11, Loser, C$1) + COUNTIFS(Winner, C$1, Loser, A11)) ) ) -> 0.33333333 | D11: =IF(A11=D$1, "", IF( (COUNTIFS(Winner, A11, Loser, D$1) + COUNTIFS(Winner, D$1, Loser, A11)) = 0, "", COUNTIFS(Winner, A11, Loser, D$1) / (COUNTIFS(Winner, A11, Loser, D$1) + COUNTIFS(Winner, D$1, Loser, A11)) ) ) -> 0.33333333 | E11: =IF(A11=E$1, "", IF( (COUNTIFS(Winner, A11, Loser, E$1) + COUNTIFS(Winner, E$1, Loser, A11)) = 0, "", COUNTIFS(Winner, A11, Loser, E$1) / (COUNTIFS(Winner, A11, Loser, E$1) + COUNTIFS(Winner, E$1, Loser, A11)) ) ) -> 0.66666667 | F11: =IF(A11=F$1, "", IF( (COUNTIFS(Winner, A11, Loser, F$1) + COUNTIFS(Winner, F$1, Loser, A11)) = 0, "", COUNTIFS(Winner, A11, Loser, F$1) / (COUNTIFS(Winner, A11, Loser, F$1) + COUNTIFS(Winner, F$1, Loser, A11)) ) ) -> 0.57142857 | G11: =IF(A11=G$1, "", IF( (COUNTIFS(Winner, A11, Loser, G$1) + COUNTIFS(Winner, G$1, Loser, A11)) = 0, "", COUNTIFS(Winner, A11, Loser, G$1) / (COUNTIFS(Winner, A11, Loser, G$1) + COUNTIFS(Winner, G$1, Loser, A11)) ) ) -> 0.25 | H11: =IF(A11=H$1, "", IF( (COUNTIFS(Winner, A11, Loser, H$1) + COUNTIFS(Winner, H$1, Loser, A11)) = 0, "", COUNTIFS(Winner, A11, Loser, H$1) / (COUNTIFS(Winner, A11, Loser, H$1) + COUNTIFS(Winner, H$1, Loser, A11)) ) ) -> 0.75 | I11: =IF(A11=I$1, "", IF( (COUNTIFS(Winner, A11, Loser, I$1) + COUNTIFS(Winner, I$1, Loser, A11)) = 0, "", COUNTIFS(Winner, A11, Loser, I$1) / (COUNTIFS(Winner, A11, Loser, I$1) + COUNTIFS(Winner, I$1, Loser, A11)) ) ) -> 0.8 | J11: =IF(A11=J$1, "", IF( (COUNTIFS(Winner, A11, Loser, J$1) + COUNTIFS(Winner, J$1, Loser, A11)) = 0, "", COUNTIFS(Winner, A11, Loser, J$1) / (COUNTIFS(Winner, A11, Loser, J$1) + COUNTIFS(Winner, J$1, Loser, A11)) ) ) | K11: =IF(A11=K$1, "", IF( (COUNTIFS(Winner, A11, Loser, K$1) + COUNTIFS(Winner, K$1, Loser, A11)) = 0, "", COUNTIFS(Winner, A11, Loser, K$1) / (COUNTIFS(Winner, A11, Loser, K$1) + COUNTIFS(Winner, K$1, Loser, A11)) ) ) -> 1 | L11: =IF(A11=L$1, "", IF( (COUNTIFS(Winner, A11, Loser, L$1) + COUNTIFS(Winner, L$1, Loser, A11)) = 0, "", COUNTIFS(Winner, A11, Loser, L$1) / (COUNTIFS(Winner, A11, Loser, L$1) + COUNTIFS(Winner, L$1, Loser, A11)) ) ) -> 0 | M11: =IF(A11=M$1, "", IF( (COUNTIFS(Winner, A11, Loser, M$1) + COUNTIFS(Winner, M$1, Loser, A11)) = 0, "", COUNTIFS(Winner, A11, Loser, M$1) / (COUNTIFS(Winner, A11, Loser, M$1) + COUNTIFS(Winner, M$1, Loser, A11)) ) ) -> 0.33333333
A12: Michael | B12: =IF(A12=B$1, "", IF( (COUNTIFS(Winner, A12, Loser, B$1) + COUNTIFS(Winner, B$1, Loser, A12)) = 0, "", COUNTIFS(Winner, A12, Loser, B$1) / (COUNTIFS(Winner, A12, Loser, B$1) + COUNTIFS(Winner, B$1, Loser, A12)) ) ) -> 0 | C12: =IF(A12=C$1, "", IF( (COUNTIFS(Winner, A12, Loser, C$1) + COUNTIFS(Winner, C$1, Loser, A12)) = 0, "", COUNTIFS(Winner, A12, Loser, C$1) / (COUNTIFS(Winner, A12, Loser, C$1) + COUNTIFS(Winner, C$1, Loser, A12)) ) ) -> 0 | D12: =IF(A12=D$1, "", IF( (COUNTIFS(Winner, A12, Loser, D$1) + COUNTIFS(Winner, D$1, Loser, A12)) = 0, "", COUNTIFS(Winner, A12, Loser, D$1) / (COUNTIFS(Winner, A12, Loser, D$1) + COUNTIFS(Winner, D$1, Loser, A12)) ) ) -> 0 | E12: =IF(A12=E$1, "", IF( (COUNTIFS(Winner, A12, Loser, E$1) + COUNTIFS(Winner, E$1, Loser, A12)) = 0, "", COUNTIFS(Winner, A12, Loser, E$1) / (COUNTIFS(Winner, A12, Loser, E$1) + COUNTIFS(Winner, E$1, Loser, A12)) ) ) -> 0.5 | F12: =IF(A12=F$1, "", IF( (COUNTIFS(Winner, A12, Loser, F$1) + COUNTIFS(Winner, F$1, Loser, A12)) = 0, "", COUNTIFS(Winner, A12, Loser, F$1) / (COUNTIFS(Winner, A12, Loser, F$1) + COUNTIFS(Winner, F$1, Loser, A12)) ) ) -> 0 | G12: =IF(A12=G$1, "", IF( (COUNTIFS(Winner, A12, Loser, G$1) + COUNTIFS(Winner, G$1, Loser, A12)) = 0, "", COUNTIFS(Winner, A12, Loser, G$1) / (COUNTIFS(Winner, A12, Loser, G$1) + COUNTIFS(Winner, G$1, Loser, A12)) ) ) -> 0 | H12: =IF(A12=H$1, "", IF( (COUNTIFS(Winner, A12, Loser, H$1) + COUNTIFS(Winner, H$1, Loser, A12)) = 0, "", COUNTIFS(Winner, A12, Loser, H$1) / (COUNTIFS(Winner, A12, Loser, H$1) + COUNTIFS(Winner, H$1, Loser, A12)) ) ) | I12: =IF(A12=I$1, "", IF( (COUNTIFS(Winner, A12, Loser, I$1) + COUNTIFS(Winner, I$1, Loser, A12)) = 0, "", COUNTIFS(Winner, A12, Loser, I$1) / (COUNTIFS(Winner, A12, Loser, I$1) + COUNTIFS(Winner, I$1, Loser, A12)) ) ) -> 0 | J12: =IF(A12=J$1, "", IF( (COUNTIFS(Winner, A12, Loser, J$1) + COUNTIFS(Winner, J$1, Loser, A12)) = 0, "", COUNTIFS(Winner, A12, Loser, J$1) / (COUNTIFS(Winner, A12, Loser, J$1) + COUNTIFS(Winner, J$1, Loser, A12)) ) ) -> 0.66666667 | K12: =IF(A12=K$1, "", IF( (COUNTIFS(Winner, A12, Loser, K$1) + COUNTIFS(Winner, K$1, Loser, A12)) = 0, "", COUNTIFS(Winner, A12, Loser, K$1) / (COUNTIFS(Winner, A12, Loser, K$1) + COUNTIFS(Winner, K$1, Loser, A12)) ) ) | L12: =IF(A12=L$1, "", IF( (COUNTIFS(Winner, A12, Loser, L$1) + COUNTIFS(Winner, L$1, Loser, A12)) = 0, "", COUNTIFS(Winner, A12, Loser, L$1) / (COUNTIFS(Winner, A12, Loser, L$1) + COUNTIFS(Winner, L$1, Loser, A12)) ) ) -> 1 | M12: =IF(A12=M$1, "", IF( (COUNTIFS(Winner, A12, Loser, M$1) + COUNTIFS(Winner, M$1, Loser, A12)) = 0, "", COUNTIFS(Winner, A12, Loser, M$1) / (COUNTIFS(Winner, A12, Loser, M$1) + COUNTIFS(Winner, M$1, Loser, A12)) ) )
A13: Nick | B13: =IF(A13=B$1, "", IF( (COUNTIFS(Winner, A13, Loser, B$1) + COUNTIFS(Winner, B$1, Loser, A13)) = 0, "", COUNTIFS(Winner, A13, Loser, B$1) / (COUNTIFS(Winner, A13, Loser, B$1) + COUNTIFS(Winner, B$1, Loser, A13)) ) ) -> 0.25 | C13: =IF(A13=C$1, "", IF( (COUNTIFS(Winner, A13, Loser, C$1) + COUNTIFS(Winner, C$1, Loser, A13)) = 0, "", COUNTIFS(Winner, A13, Loser, C$1) / (COUNTIFS(Winner, A13, Loser, C$1) + COUNTIFS(Winner, C$1, Loser, A13)) ) ) -> 1 | D13: =IF(A13=D$1, "", IF( (COUNTIFS(Winner, A13, Loser, D$1) + COUNTIFS(Winner, D$1, Loser, A13)) = 0, "", COUNTIFS(Winner, A13, Loser, D$1) / (COUNTIFS(Winner, A13, Loser, D$1) + COUNTIFS(Winner, D$1, Loser, A13)) ) ) -> 0 | E13: =IF(A13=E$1, "", IF( (COUNTIFS(Winner, A13, Loser, E$1) + COUNTIFS(Winner, E$1, Loser, A13)) = 0, "", COUNTIFS(Winner, A13, Loser, E$1) / (COUNTIFS(Winner, A13, Loser, E$1) + COUNTIFS(Winner, E$1, Loser, A13)) ) ) -> 1 | F13: =IF(A13=F$1, "", IF( (COUNTIFS(Winner, A13, Loser, F$1) + COUNTIFS(Winner, F$1, Loser, A13)) = 0, "", COUNTIFS(Winner, A13, Loser, F$1) / (COUNTIFS(Winner, A13, Loser, F$1) + COUNTIFS(Winner, F$1, Loser, A13)) ) ) -> 0 | G13: =IF(A13=G$1, "", IF( (COUNTIFS(Winner, A13, Loser, G$1) + COUNTIFS(Winner, G$1, Loser, A13)) = 0, "", COUNTIFS(Winner, A13, Loser, G$1) / (COUNTIFS(Winner, A13, Loser, G$1) + COUNTIFS(Winner, G$1, Loser, A13)) ) ) -> 0.25 | H13: =IF(A13=H$1, "", IF( (COUNTIFS(Winner, A13, Loser, H$1) + COUNTIFS(Winner, H$1, Loser, A13)) = 0, "", COUNTIFS(Winner, A13, Loser, H$1) / (COUNTIFS(Winner, A13, Loser, H$1) + COUNTIFS(Winner, H$1, Loser, A13)) ) ) -> 0.5 | I13: =IF(A13=I$1, "", IF( (COUNTIFS(Winner, A13, Loser, I$1) + COUNTIFS(Winner, I$1, Loser, A13)) = 0, "", COUNTIFS(Winner, A13, Loser, I$1) / (COUNTIFS(Winner, A13, Loser, I$1) + COUNTIFS(Winner, I$1, Loser, A13)) ) ) -> 0.33333333 | J13: =IF(A13=J$1, "", IF( (COUNTIFS(Winner, A13, Loser, J$1) + COUNTIFS(Winner, J$1, Loser, A13)) = 0, "", COUNTIFS(Winner, A13, Loser, J$1) / (COUNTIFS(Winner, A13, Loser, J$1) + COUNTIFS(Winner, J$1, Loser, A13)) ) ) -> 0 | K13: =IF(A13=K$1, "", IF( (COUNTIFS(Winner, A13, Loser, K$1) + COUNTIFS(Winner, K$1, Loser, A13)) = 0, "", COUNTIFS(Winner, A13, Loser, K$1) / (COUNTIFS(Winner, A13, Loser, K$1) + COUNTIFS(Winner, K$1, Loser, A13)) ) ) | L13: =IF(A13=L$1, "", IF( (COUNTIFS(Winner, A13, Loser, L$1) + COUNTIFS(Winner, L$1, Loser, A13)) = 0, "", COUNTIFS(Winner, A13, Loser, L$1) / (COUNTIFS(Winner, A13, Loser, L$1) + COUNTIFS(Winner, L$1, Loser, A13)) ) ) | M13: =IF(A13=M$1, "", IF( (COUNTIFS(Winner, A13, Loser, M$1) + COUNTIFS(Winner, M$1, Loser, A13)) = 0, "", COUNTIFS(Winner, A13, Loser, M$1) / (COUNTIFS(Winner, A13, Loser, M$1) + COUNTIFS(Winner, M$1, Loser, A13)) ) )
B14: =IF(A14=B$1, "", IF( (COUNTIFS(Winner, A14, Loser, B$1, Season, $A$1) + COUNTIFS(Winner, B$1, Loser, A14, Season, $A$1)) = 0, "", COUNTIFS(Winner, A14, Loser, B$1, Season, $A$1) / (COUNTIFS(Winner, A14, Loser, B$1, Season, $A$1) + COUNTIFS(Winner, B$1, Loser, A14, Season, $A$1)) ) )
